date_id,revenue,n_orders,day_of_week,month,revenue_zscore_by_weekday,anomaly,anomaly_score
2023-01-01,92474.93,15,6,1,-0.7795698959316849,1,0.24025825962193342
2023-01-02,61376.68,16,0,1,-1.13649644168805,1,0.12995565769780915
2023-01-03,96123.45,8,1,1,-0.8088970974143688,1,0.17563745669428382
2023-01-04,128056.69,16,2,1,-0.4834908699422958,1,0.2648880784207943
2023-01-05,133093.04,11,3,1,-0.6027280082048462,1,0.2427213444817034
2023-01-06,234941.68,25,4,1,-0.5333299707601606,1,0.26682799985587435
2023-01-07,309655.92,27,5,1,-0.4709240134458391,1,0.25631985728178874
2023-01-08,74735.47,8,6,1,-0.851949706613714,1,0.1573231504340742
2023-01-10,52963.11,10,1,1,-1.0018048366169916,1,0.14392417573637284
2023-01-11,61624.92,8,2,1,-0.650445892759704,1,0.14316629924380686
2023-01-12,183882.15,15,3,1,-0.4102828091351437,1,0.2766211484056348
2023-01-13,131761.95,16,4,1,-0.7610299345103658,1,0.25565479142684017
2023-01-14,151884.7,21,5,1,-1.004678694833808,1,0.20613812424258326
2023-01-15,137739.68,13,6,1,-0.5948825359123056,1,0.26317166603280434
2023-01-16,112731.63,15,0,1,-0.8624806498946247,1,0.22963510712497848
2023-01-17,113155.73999999999,13,1,1,-0.7327702513945406,1,0.2485364891778995
2023-01-18,247971.31,11,2,1,-0.18212379635324588,1,0.22882297042646627
2023-01-19,97283.76000000001,11,3,1,-0.7384130796334007,1,0.2308305635360302
2023-01-20,163729.37,16,4,1,-0.6904833225431938,1,0.25920124256767985
2023-01-21,123321.19,22,5,1,-1.1013117003932,1,0.1657622977587262
2023-01-22,97852.70999999999,11,6,1,-0.757627700493402,1,0.23173918793089016
2023-01-23,86790.76,13,0,1,-1.0008939485709998,1,0.19003323884093803
2023-01-24,77048.24,11,1,1,-0.8941548974204685,1,0.1950080381028808
2023-01-25,104587.35,11,2,1,-0.5424735554135621,1,0.2285217816141148
2023-01-26,199306.09,17,3,1,-0.3518399026983279,1,0.28649544814000316
2023-01-27,261590.05,21,4,1,-0.47452158966629604,1,0.27359621160548653
2023-01-28,176954.4,17,5,1,-0.9198655727955048,1,0.2186094900399987
2023-01-29,119608.67,11,6,1,-0.6688599327030748,1,0.23889909699605527
2023-01-30,114464.17,11,0,1,-0.8532362962361405,1,0.22112960789086927
2023-01-31,115761.31,12,1,1,-0.7211244993445294,1,0.2447030275122299
2023-02-01,190070.6,16,2,2,-0.3276387263211533,1,0.27457506694590705
2023-02-02,205601.83,15,3,2,-0.3279846916581839,1,0.27753552787368174
2023-02-03,180402.74,23,4,2,-0.6536880552499593,1,0.25246527139901903
2023-02-04,195221.66,21,5,2,-0.858065736671203,1,0.22949119467242912
2023-02-05,161215.22,15,6,2,-0.49909860895746,1,0.269823483762046
2023-02-06,237620.65,16,0,2,-0.19610742391339175,1,0.26818176664967003
2023-02-07,43519.99,10,1,2,-1.0440114302216545,1,0.13154366776169024
2023-02-08,76992.12,11,2,2,-0.6118253467974382,1,0.20895674675475978
2023-02-09,87618.54,14,3,2,-0.7750355994403529,1,0.23431398300333317
2023-02-10,173705.74,14,4,2,-0.6684671853875854,1,0.2569519566473707
2023-02-11,15969.22,2,5,2,-1.4644933791792347,1,0.0003292276306927633
2023-02-12,181588.61,14,6,2,-0.4159719460741961,1,0.2739459244103824
2023-02-13,143293.99,11,0,2,-0.6994083603787026,1,0.23573769477869572
2023-02-14,135345.59,12,1,2,-0.6335913803118447,1,0.25259525117406684
2023-02-15,127970.88,15,2,2,-0.4837065259530864,1,0.26273902976491725
2023-02-16,93131.38,16,3,2,-0.7541468776013717,1,0.24007890112618885
2023-02-17,285117.99,23,4,2,-0.4225994622763813,1,0.26989935099459
2023-02-18,143990.34,19,5,2,-1.0313860474584626,1,0.19924302273817945
2023-02-19,191409.53999999998,15,6,2,-0.37590099385121634,1,0.275531942097734
2023-02-20,109920.92,13,0,2,-0.8774778201022037,1,0.222197826962042
2023-02-21,255694.3,12,1,2,-0.09568557229337049,1,0.2297426754504373
2023-02-22,70000.16,10,2,2,-0.6293974036813418,1,0.18841491417479805
2023-02-23,135815.83,14,3,2,-0.592411074839111,1,0.2660821933474728
2023-02-24,186243.69,22,4,2,-0.6407980806079753,1,0.2593702988108077
2023-02-25,305066.96,27,5,2,-0.4864488910673858,1,0.25853396771108045
2023-02-26,138947.28,12,6,2,-0.5899553363594657,1,0.25671952007283083
2023-02-27,231961.26,13,0,2,-0.22630436173375354,1,0.25207964489089624
2023-02-28,205219.66,14,1,2,-0.3212850158905773,1,0.2711363365854843
2023-03-01,141721.2,13,2,3,-0.44914949112853386,1,0.2606552611945175
2023-03-02,154500.6,10,3,3,-0.5216125457406171,1,0.22849865681139186
2023-03-03,203823.16,17,4,3,-0.6020032060551166,1,0.2644100088223564
2023-03-04,200158.1,20,5,3,-0.8413653019569958,1,0.23122228347434903
2023-03-05,191428.83,14,6,3,-0.3758222875913833,1,0.2705491347633066
2023-03-06,284458.52999999997,18,0,3,0.05380653324410582,1,0.24108300488737605
2023-03-07,112420.31,15,1,3,-0.7360573000749213,1,0.2522235077083582
2023-03-08,178041.45,17,2,3,-0.3578701504232663,1,0.2786137423661476
2023-03-09,137591.26,12,3,3,-0.5856837866510659,1,0.25777663635597997
2023-03-10,290608.41,20,4,3,-0.4104830472113933,1,0.2683282329038705
2023-03-11,219612.62,15,5,3,-0.7755488550527007,1,0.2326244728802066
2023-03-12,209314.14,15,6,3,-0.3028473857742251,1,0.27384993926092055
2023-03-13,67555.94,11,0,3,-1.1035256215120506,1,0.14328210759938564
2023-03-14,198909.54,11,1,3,-0.34948847729281024,1,0.24207551056929988
2023-03-15,93933.96,13,2,3,-0.5692474464378829,1,0.23989616613354314
2023-03-16,207074.46,16,3,3,-0.3224047440374042,1,0.2799286578874499
2023-03-17,296967.93,27,4,3,-0.39644867753947505,1,0.27266509067491795
2023-03-18,142565.94,17,5,3,-1.036204924869495,1,0.1991566385679892
2023-03-19,144108.88999999998,14,6,3,-0.5688951488106639,1,0.26695851508851637
2023-03-20,207121.6,18,0,3,-0.358841908801358,1,0.29360867245876554
2023-03-21,210855.48,16,1,3,-0.2960953789518292,1,0.2788013127145376
2023-03-22,119611.01000000001,12,2,3,-0.5047163874485812,1,0.24121206078727614
2023-03-23,111965.23,12,3,3,-0.6827834689395756,1,0.241520237106089
2023-03-24,166659.66999999998,23,4,3,-0.6840166531326688,1,0.24710149619172728
2023-03-25,211115.17,19,5,3,-0.8042965171254169,1,0.23919933780502645
2023-03-26,146219.1,16,6,3,-0.5602851572833386,1,0.27360819217211146
2023-03-27,133127.5,15,0,3,-0.753653935675922,1,0.2549685279191969
2023-03-28,166301.5,14,1,3,-0.49523207607420755,1,0.2703131068115124
2023-03-29,138876.0,11,2,3,-0.4562999920247179,1,0.24015624100594551
2023-03-30,108528.48,15,3,3,-0.6958056707049304,1,0.24844261206636825
2023-03-31,184935.88,20,4,3,-0.6436841929247273,1,0.2628212098157427
2023-04-01,262612.77,20,5,4,-0.6300753563823799,1,0.248881774632063
2023-04-02,148054.65,13,6,4,-0.5527958221233396,1,0.262984628741076
2023-04-03,127344.44,10,0,4,-0.7845107423691207,1,0.22020028891561122
2023-04-04,145174.73,12,1,4,-0.5896594470669706,1,0.2558008829036723
2023-04-05,123689.62,10,2,4,-0.494466104705651,1,0.220025468946365
2023-04-06,135483.0,13,3,4,-0.5936722021872053,1,0.26260778006269525
2023-04-07,285716.4,23,4,4,-0.42127887406290404,1,0.26989935099459
2023-04-08,236823.18,22,5,4,-0.7173239331099754,1,0.2422882365686716
2023-04-09,213565.81,16,6,4,-0.28549989776261364,1,0.2766423333571588
2023-04-10,173550.37,12,0,4,-0.537968695409644,1,0.25500833491481645
2023-04-11,126977.25,13,1,4,-0.6709941799718769,1,0.25626042814789257
2023-04-12,102311.65,13,2,4,-0.5481928000675218,1,0.23979164400081454
2023-04-13,209669.41,14,3,4,-0.31257220967470467,1,0.27066942461108473
2023-04-14,419017.4,31,4,4,-0.1271064346906929,1,0.24955817440777778
2023-04-15,304556.04,26,5,4,-0.48817738085034346,1,0.2578259335043075
2023-04-16,146775.46,16,6,4,-0.5580151202319824,1,0.2743467906369742
2023-04-17,61425.51,13,0,4,-1.1362358983302379,1,0.13006129879784645
2023-04-18,119896.4,13,1,4,-0.7026424655306305,1,0.2496723791997696
2023-04-19,123350.57,12,2,4,-0.49531819852290504,1,0.2456690606054046
2023-04-20,130557.12,16,3,4,-0.6123368717825863,1,0.26771175401167735
2023-04-21,247813.4,24,4,4,-0.5049242928483965,1,0.2748737119348116
2023-04-22,239273.0,20,5,4,-0.7090359646607369,1,0.24285210131007184
2023-04-23,99675.73,11,6,4,-0.750189489720946,1,0.23139149106624224
2023-04-24,163283.85,12,0,4,-0.5927480030861783,1,0.2517894076934192
2023-04-25,95376.71,9,1,4,-0.8122346968209575,1,0.19339415794589543
2023-04-26,162664.06,13,2,4,-0.3965163056938874,1,0.2572899739389617
2023-04-27,105291.6,9,3,4,-0.708070544335611,1,0.20360796250570967
2023-04-28,211673.7,24,4,4,-0.5846784110259037,1,0.2614842309359604
2023-04-29,251689.47,26,5,4,-0.6670298941694693,1,0.23714057330466215
2023-04-30,211034.92,18,6,4,-0.29582633041935963,1,0.29160701619348817
2023-05-01,139654.91,18,0,5,-0.7188254835109346,1,0.25699158216054596
2023-05-02,114169.93000000001,14,1,5,-0.7282372681042812,1,0.25124731437867737
2023-05-03,167247.35,18,2,5,-0.38499767106276434,1,0.27637867122972765
2023-05-04,232600.66,16,3,5,-0.22568332796035462,1,0.271053506342741
2023-05-05,294501.66,20,4,5,-0.4018913123437939,1,0.2665112269694668
2023-05-06,263569.88,27,5,5,-0.6268373644146228,1,0.23676291184401782
2023-05-07,88092.7,12,6,5,-0.7974500894530834,1,0.22526191274386792
2023-05-08,115912.95,17,0,5,-0.8455060073577658,1,0.22720553305635077
2023-05-09,201029.02,19,1,5,-0.34001533377528537,1,0.28869509107045993
2023-05-10,135238.21,10,2,5,-0.46544241458029545,1,0.22632974061470001
2023-05-11,210620.66,16,3,5,-0.3089678248840467,1,0.2795545090453638
2023-05-12,254289.81,25,4,5,-0.49063196699881856,1,0.2728866727696252
2023-05-13,263283.11,24,5,5,-0.6278075339422567,1,0.248287709921177
2023-05-14,195202.75,14,6,5,-0.3604240953617932,1,0.271283541568673
2023-05-15,122521.84,12,0,5,-0.8102428004765275,1,0.23321417342303236
2023-05-16,92858.56,18,1,5,-0.8234897199156108,1,0.22126609965218175
2023-05-17,167494.12,17,2,5,-0.3843774935335392,1,0.27639424678923835
2023-05-18,32870.55,8,3,5,-0.9824814049332249,1,0.1095774593111466
2023-05-19,192297.15,21,4,5,-0.6274391328518286,1,0.2643265886308174
2023-05-20,223492.72,21,5,5,-0.7624221166066554,1,0.24086977361254536
2023-05-21,238872.28,18,6,5,-0.1822454859806061,1,0.28389678052025213
2023-05-22,88161.98,15,0,5,-0.9935774983744176,1,0.19261757128241636
2023-05-23,178564.41,16,1,5,-0.44042226122693723,1,0.27901352365942944
2023-05-24,90418.22,16,2,5,-0.5780831353246924,1,0.24000879553939075
2023-05-25,251770.74,17,3,5,-0.15304590899825585,1,0.27006463247628115
2023-05-26,229996.26,18,4,5,-0.5442436643192495,1,0.2717518726947832
2023-05-27,151939.48,19,5,5,-1.0044933690091968,1,0.20874610675835242
2023-05-28,132563.38999999998,12,6,5,-0.6160026201896894,1,0.2551900292037268
2023-05-29,193942.31,19,0,5,-0.42916295058263076,1,0.28712156116892584
2023-05-30,127352.15,14,1,5,-0.6693185418414298,1,0.2587479613709815
2023-05-31,840612.29,88,2,5,1.3072899034237009,1,0.054322970069230925
2023-06-01,157292.53,18,3,6,-0.5110336337526206,1,0.27572087730666545
2023-06-02,1756145.93,166,4,6,2.8237068482125016,-1,-0.09096136407232691
2023-06-03,170411.47,21,5,6,-0.9420009122921115,1,0.21392797611164321
2023-06-04,191876.81,11,6,6,-0.3739944581315612,1,0.24310091704786962
2023-06-05,285408.46,18,0,6,0.058875096665905326,1,0.24151267164714507
2023-06-06,53134.2,11,1,6,-1.0010401395571404,1,0.15289703071551664
2023-06-07,155527.8,18,2,6,-0.41445101451063215,1,0.27625419400308493
2023-06-08,162276.69,14,3,6,-0.4921481351999732,1,0.2695453386138764
2023-06-09,193072.68,17,4,6,-0.6257276711830765,1,0.26242681052222444
2023-06-10,171716.74,22,5,6,-0.9375850627285771,1,0.209772578553386
2023-06-11,246519.15,18,6,6,-0.15104504341301453,1,0.2783772771742363
2023-06-12,108513.1,10,0,6,-0.8849895577633758,1,0.20286669725205247
2023-06-13,200256.46,17,1,6,-0.3434683372270278,1,0.28700863991127457
2023-06-14,131294.36000000002,12,2,6,-0.4753540211314747,1,0.2512912357199934
2023-06-15,125730.33,17,3,6,-0.6306260791031645,1,0.25819594897872594
2023-06-16,283858.33,28,4,6,-0.4253793158032085,1,0.2678052853273361
2023-06-17,268333.69,23,5,6,-0.610720953013717,1,0.25092234186018647
2023-06-18,119163.06,17,6,6,-0.6706780921869608,1,0.2492471128694249
2023-06-19,133259.2,17,0,6,-0.752951220946783,1,0.252734497727978
2023-06-20,187577.78,15,1,6,-0.4001364611313693,1,0.27511200590553164
2023-06-21,185362.17,14,2,6,-0.3394718603485045,1,0.26788868847388114
2023-06-22,149460.21,16,3,6,-0.5407111055881698,1,0.2750681350181694
2023-06-23,277430.39,21,4,6,-0.43956467667775717,1,0.27218256494049314
2023-06-24,281008.3,33,5,6,-0.5678415709422165,1,0.21933747114202068
2023-06-25,136956.13999999998,16,6,6,-0.5980795033995795,1,0.2704875705981198
2023-06-26,72811.1,10,0,6,-1.0754855430307915,1,0.14965889925445086
2023-06-27,96932.16,12,1,6,-0.8052825193602907,1,0.22927826279462948
2023-06-28,133543.1,16,2,6,-0.4697025318213085,1,0.2676510045275793
2023-06-29,146367.32,14,3,6,-0.5524303861928248,1,0.2675266366018186
2023-06-30,289079.1,33,4,6,-0.4138579720300842,1,0.25077081033366433
2023-07-01,387918.93,35,5,7,-0.20615298634081053,1,0.24780249904196494
2023-07-02,84180.77,15,6,7,-0.8134113843741999,1,0.22322454797199798
2023-07-03,190689.57,15,0,7,-0.44651867046159366,1,0.2755587167177364
2023-07-04,257377.04,18,1,7,-0.08816446451095207,1,0.2731548563646118
2023-07-05,84820.31,16,2,7,-0.5921516930611459,1,0.23555145283658613
2023-07-06,222656.93,17,3,7,-0.26336115100835394,1,0.2861431133357433
2023-07-07,433649.64,29,4,7,-0.09481559115403798,1,0.24054345583779457
2023-07-08,327084.92,33,5,7,-0.41196008870778544,1,0.25220185497143605
2023-07-09,175184.41999999998,16,6,7,-0.44210205712446166,1,0.2795567891363281
2023-07-10,78044.07,11,0,7,-1.047563864244594,1,0.16251566841876658
2023-07-11,131428.8,13,1,7,-0.6510977091274065,1,0.25692594535463836
2023-07-12,184509.79,12,2,7,-0.34161404506447857,1,0.25325071863371845
2023-07-13,127660.94,13,3,7,-0.6233107978199138,1,0.2608560876778695
2023-07-14,297740.08999999997,31,4,7,-0.39474465288260346,1,0.264134518021627
2023-07-15,221644.96,21,5,7,-0.7686732601934353,1,0.2407501064276047
2023-07-16,123500.82,19,6,7,-0.6529793433195161,1,0.24975597171085645
2023-07-17,157892.92,10,0,7,-0.6215125126894965,1,0.22975352731218673
2023-07-18,80262.63,13,1,7,-0.8797879877108712,1,0.20674070616264068
2023-07-19,267076.65,19,2,7,-0.13410863018148278,1,0.27832693519724266
2023-07-20,150500.64,16,3,7,-0.5367688085392928,1,0.27546806058506135
2023-07-21,222808.73,12,4,7,-0.5601053100170384,1,0.24300558414806428
2023-07-22,328361.94,25,5,7,-0.40763981151638085,1,0.2566366372114603
2023-07-23,611209.38,71,6,7,1.3369489431562316,1,0.1128329966355629
2023-07-24,156761.06,17,0,7,-0.6275518042105536,1,0.2688043951010621
2023-07-25,220079.28,14,1,7,-0.2548690492969388,1,0.2663673026718288
2023-07-26,149301.84,15,2,7,-0.43009797520218485,1,0.2702816032157946
2023-07-27,212815.16,20,3,7,-0.300652637054245,1,0.2897680326971755
2023-07-28,326444.58,27,4,7,-0.3313987676736759,1,0.2674539286022974
2023-07-29,226779.43,25,5,7,-0.7513028716083303,1,0.22652063275406353
2023-07-30,158301.3,17,6,7,-0.5109878647714803,1,0.2747235290313556
2023-07-31,164246.53,17,0,7,-0.5876114091951572,1,0.2713171031180207
2023-08-01,311016.83,16,1,8,0.15158180765009793,1,0.21859436262235177
2023-08-02,187162.74,20,2,8,-0.33494670310168817,1,0.28331907308228915
2023-08-03,210621.12,19,3,8,-0.308966081896395,1,0.2903339501683638
2023-08-04,347732.8,33,4,8,-0.28441931810246274,1,0.2636821170343057
2023-08-05,353144.98,28,5,8,-0.3237964868655017,1,0.25868197916917934
2023-08-06,148879.49,15,6,8,-0.5494303440849457,1,0.2720593624189967
2023-08-07,145203.61000000002,13,0,8,-0.68921915687788,1,0.25408978345090205
2023-08-08,176756.5,17,1,8,-0.44850282386341817,1,0.2841231292215503
2023-08-09,223903.03,17,2,8,-0.24261172609794138,1,0.28170853271150403
2023-08-10,211730.3,15,3,8,-0.3047632839756571,1,0.2731144109740334
2023-08-11,205345.08000000002,26,4,8,-0.5986445896986801,1,0.24567040872252388
2023-08-12,138577.99,17,5,8,-1.0496965298760426,1,0.19140382254291727
2023-08-13,88221.78,8,6,8,-0.7969234225780581,1,0.1751584734990419
2023-08-14,125317.97,16,0,8,-0.7953234251114001,1,0.24545326337393958
2023-08-15,197375.79,16,1,8,-0.35634366529647343,1,0.2805519668764288
2023-08-16,260787.84,21,2,8,-0.14991354426166384,1,0.28713244269057797
2023-08-17,97722.84,13,3,8,-0.7367493600287941,1,0.2399772785623404
2023-08-18,166683.93,21,4,8,-0.6839631154744429,1,0.2586608223108604
2023-08-19,278726.76,25,5,8,-0.5755602325319151,1,0.24823590429537662
2023-08-20,233733.59,21,6,8,-0.2032121562937744,1,0.2918770890408308
2023-08-21,154365.33,20,0,8,-0.6403347560559602,1,0.2639460297245647
2023-08-22,109408.3,16,1,8,-0.7495196601850523,1,0.24740802571359616
2023-08-23,192840.32,18,2,8,-0.3206779202821477,1,0.28507311974160227
2023-08-24,152767.25,14,3,8,-0.5281803884495654,1,0.2677111392627758
2023-08-25,135091.19,25,4,8,-0.7536828729575228,1,0.21754874974485833
2023-08-26,261759.12,21,5,8,-0.6329633335671088,1,0.24894969989398236
2023-08-27,163128.92,16,6,8,-0.4912904094010924,1,0.27310785587436426
2023-08-28,203738.83,17,0,8,-0.37689143275192266,1,0.28829443959623335
2023-08-29,141982.77,17,1,8,-0.6039261045405959,1,0.2683030130136656
2023-08-30,158657.14,14,2,8,-0.4065864185333846,1,0.2670890898142916
2023-08-31,144690.28,20,3,8,-0.5587848644785806,1,0.2687109344810272
2023-09-01,257393.76,29,4,9,-0.48378208182774424,1,0.25885611437158346
2023-09-02,289597.97,24,5,9,-0.5387819200497547,1,0.2563100601404105
2023-09-03,266052.03,20,6,9,-0.07134779465376274,1,0.2808132751109617
2023-09-04,229285.73,21,0,9,-0.2405802488958881,1,0.2930269261847034
2023-09-05,217940.15,19,1,9,-0.2644300196729949,1,0.2900351064795153
2023-09-06,273724.73,17,2,9,-0.11740080577620277,1,0.25863074453785356
2023-09-07,2352.3,1,3,9,-1.0981182155902525,1,0.043474851208214704
2023-09-08,301448.84,26,4,9,-0.38656007786424873,1,0.2709662408044428
2023-09-09,245161.66999999998,27,5,9,-0.6891140474717281,1,0.22542513879231518
2023-09-10,276455.39,20,6,9,-0.028900435644131445,1,0.26828360362677495
2023-09-11,221121.96,19,0,9,-0.2841398648738886,1,0.2913075760901267
2023-09-12,133250.35,14,1,9,-0.6429561816893803,1,0.26162260897469586
2023-09-13,147774.58,15,2,9,-0.43393625511175393,1,0.2701202497044859
2023-09-14,193462.27,15,3,9,-0.3739827420437606,1,0.2764360988644764
2023-09-15,272156.68,30,4,9,-0.45120284994908766,1,0.2578437464374668
2023-09-16,275960.02,29,5,9,-0.584920370757273,1,0.23453755282143507
2023-09-17,188034.34,17,6,9,-0.38967234523474115,1,0.2827317686426374
2023-09-18,191202.37,17,0,9,-0.44378251166810506,1,0.28261920368347104
2023-09-19,191823.77,21,1,9,-0.3811587530878983,1,0.2884025885189467
2023-09-20,220787.83,17,2,9,-0.250440785704223,1,0.2810930532242799
2023-09-21,151879.09,16,3,9,-0.5315457186946857,1,0.274821303957423
2023-09-22,148858.2,29,4,9,-0.7233014436016918,1,0.20165075977767805
2023-09-23,368098.08,31,5,9,-0.27320876163739954,1,0.25830669233244874
2023-09-24,207346.2,19,6,9,-0.3108768931342909,1,0.29020753231436847
2023-09-25,133894.73,14,0,9,-0.7495602088601492,1,0.25272178957974134
2023-09-26,378879.55,25,1,9,0.45489832210157366,1,0.22856154275281676
2023-09-27,118914.55,16,2,9,-0.5064667170753759,1,0.2563447686854889
2023-09-28,189129.03,16,3,9,-0.39040183728714634,1,0.2796335690790861
2023-09-29,297201.06,30,4,9,-0.39593419962264886,1,0.2663004835321772
2023-09-30,331355.63,28,5,9,-0.39751188037580687,1,0.2593026042735813
2023-10-01,354870.65,20,6,10,0.29104626360049585,1,0.2289858018251834
2023-10-02,138156.92,16,0,10,-0.7268183433218901,1,0.259897564652598
2023-10-03,150004.74,16,1,10,-0.5680714264576321,1,0.273666731540602
2023-10-04,192462.59,16,2,10,-0.32162722391757426,1,0.2750124806210302
2023-10-05,248841.1,17,3,10,-0.1641466184417283,1,0.27239942219798097
2023-10-06,309021.87,26,4,10,-0.36984769979852583,1,0.270772945623311
2023-10-07,268711.03,24,5,10,-0.6094443767694885,1,0.25063662161585565
2023-10-08,126265.92,15,6,10,-0.6416972967117346,1,0.2619445165514681
2023-10-09,179096.45,17,0,10,-0.5083763483710492,1,0.2787810786903606
2023-10-10,242152.03,20,1,10,-0.15621356371724482,1,0.28637094887019476
2023-10-11,329371.15,21,2,10,0.02244868673027552,1,0.2515520250896408
2023-10-12,121105.02,13,3,10,-0.6481518578322873,1,0.251683764631979
2023-10-13,339256.37,30,4,10,-0.30312534499099164,1,0.26314968500470987
2023-10-14,327788.08999999997,25,5,10,-0.40958119933042264,1,0.25708134483031975
2023-10-15,201070.13,16,6,10,-0.33648425426180906,1,0.27913719418894356
2023-10-16,189655.39,15,0,10,-0.45203676855256486,1,0.2755587167177364
2023-10-17,124165.74,13,1,10,-0.6835603932557752,1,0.25242820095988683
2023-10-18,193280.35,18,2,10,-0.31957204550731716,1,0.28496395424360643
2023-10-19,194596.4,19,3,10,-0.3696854059884345,1,0.2889913685898036
2023-10-20,399030.09,28,4,10,-0.17121499906146723,1,0.24579515575098448
2023-10-21,365460.07,35,5,10,-0.2821333943241993,1,0.2538288358222149
2023-10-22,268103.15,29,6,10,-0.06297889969945616,1,0.2746925025532725
2023-10-23,72558.06999999999,17,0,10,-1.076835641040769,1,0.15286286925319537
2023-10-24,132486.88999999998,18,1,10,-0.6463685121430245,1,0.2573979092657019
2023-10-25,112426.27,13,2,10,-0.5227729352514945,1,0.2458002480874522
2023-10-26,136173.87,16,3,10,-0.591054424189495,1,0.2708267634381005
2023-10-27,356843.16,32,4,10,-0.2643143164538704,1,0.2588606354019628
2023-10-28,389389.82,42,5,10,-0.20117682894463423,1,0.2347470616643869
2023-10-29,248618.26,20,6,10,-0.14248034164640183,1,0.28763370992185244
2023-10-30,275816.86,26,0,10,0.007696975207977177,1,0.2711052563053964
2023-10-31,244952.5,24,1,10,-0.14369669437829222,1,0.29003514476916215
2023-11-01,459508.8,46,2,11,0.3495080790233588,1,0.23124598201279473
2023-11-02,2193848.7399999998,202,3,11,7.2056888142305935,-1,-0.14206314732854497
2023-11-03,722017.01,63,4,11,0.5415617253570832,1,0.12625857857670586
2023-11-04,794851.08,62,5,11,1.1705362480440866,1,0.11208378699503219
2023-11-05,374829.24,39,6,11,0.37248047668704065,1,0.2467769400662418
2023-11-06,551890.54,44,0,11,1.4807496803225713,1,0.13754145240084314
2023-11-07,420361.08,47,1,11,0.6403025188934844,1,0.20847732679481934
2023-11-08,821012.55,57,2,11,1.258032220858337,1,0.10805666474982978
2023-11-09,379085.77,36,3,11,0.32936392832543715,1,0.25395050970620037
2023-11-10,543692.41,58,4,11,0.1480299245298292,1,0.17741525761715465
2023-11-11,947260.4,83,5,11,1.6861511240471816,1,0.05755057145055564
2023-11-12,470805.76,40,6,11,0.7640799023471221,1,0.2085293301224379
2023-11-13,479916.45,36,0,11,1.0967158674192141,1,0.16223054599530762
2023-11-14,562251.08,46,1,11,1.2744884200115045,1,0.15472112954242123
2023-11-15,651628.09,59,2,11,0.8323385146058259,1,0.1542664357649729
2023-11-16,439707.12,41,3,11,0.5590645032838112,1,0.22630899836432145
2023-11-17,696739.77,69,4,11,0.4857791929575001,1,0.1070445087827645
2023-11-18,767092.71,78,5,11,1.0766271058367858,1,0.08311103164034372
2023-11-19,633908.28,47,6,11,1.4295640557183003,1,0.13849078256987557
2023-11-20,476848.23,41,0,11,1.0803446951622764,1,0.172428655792829
2023-11-21,671900.16,55,1,11,1.7645715872999812,1,0.11113754463078285
2023-11-22,519282.0,39,2,11,0.49972891417300946,1,0.21396306838725043
2023-11-23,352499.4,34,3,11,0.22862541829463004,1,0.26376832271978884
2023-11-24,707645.34,70,4,11,0.509845915109955,1,0.10264085244841348
2023-11-25,460171.41,62,5,11,0.03828385988431588,1,0.1603616212668787
2023-11-26,356717.88,36,6,11,0.2985832550132087,1,0.2561435559539699
2023-11-27,319698.62,34,0,11,0.24183789466538214,1,0.25863184566390246
2023-11-28,314465.42,33,1,11,0.16699548836569855,1,0.2606867924354097
2023-11-29,534846.13,51,2,11,0.5388443807529772,1,0.20184588378785473
2023-11-30,625116.29,40,3,11,1.2615990550804133,1,0.1329848180308737
2023-12-01,489426.15,52,4,12,0.028273598022101203,1,0.20320148100685437
2023-12-02,747328.39,64,5,12,1.009762576777241,1,0.12470591417269627
2023-12-03,366343.69,40,6,12,0.3378580866857164,1,0.24248046232720477
2023-12-04,417762.37,40,0,12,0.7650789084816259,1,0.21361852304685597
2023-12-05,407873.98,38,1,12,0.5844906733381185,1,0.23224150849901282
2023-12-06,514269.96,46,2,12,0.4871327534420556,1,0.21756157225995038
2023-12-07,504110.26,56,3,12,0.8030946723104769,1,0.1770519206699414
2023-12-08,617273.17,55,4,12,0.3104100391580857,1,0.17704360990598517
2023-12-09,394153.69,49,5,12,-0.1850602145581593,1,0.20155283460893608
2023-12-10,341011.59,35,6,12,0.23449910043820776,1,0.2577700403195375
2023-12-11,536343.14,41,0,12,1.3977930593672572,1,0.14313504479239303
2023-12-12,520096.49,46,1,12,1.086075941010795,1,0.17927413168486528
2023-12-13,461424.77999999997,47,2,12,0.3543232824210358,1,0.22837600970286848
2023-12-14,450314.27999999997,39,3,12,0.5992561313269917,1,0.2265104549621697
2023-12-15,480385.65,62,4,12,0.008322765409108994,1,0.15693969502484983
2023-12-16,993362.31,73,5,12,1.842118164698999,1,0.059736245262019816
2023-12-17,627280.45,50,6,12,1.4025214579936411,1,0.1425332582348866
2023-12-18,448504.34,46,0,12,0.9291095472192692,1,0.18282291023959235
2023-12-19,468226.71,45,1,12,0.8542408351534869,1,0.19405926389014955
2023-12-20,426777.08,48,2,12,0.26724736160678214,1,0.22090758488716655
2023-12-21,555014.97,60,3,12,0.9959778917552647,1,0.1565827682300941
2023-12-22,936015.3099999999,75,4,12,1.0138192623035893,1,0.0678793138523659
2023-12-23,561453.24,58,5,12,0.38092969162752255,1,0.18714088517277438
2023-12-24,567710.69,41,6,12,1.1594673880741557,1,0.1522059196421497
2023-12-25,351849.51,38,0,12,0.4133861403595815,1,0.24244644547899297
2023-12-26,412192.21,47,1,12,0.6037912624126474,1,0.2108717005100354
2023-12-27,493102.54,50,2,12,0.4339352082150404,1,0.20956004526976713
2023-12-28,437100.0,42,3,12,0.5491858555304128,1,0.22711655028058286
2023-12-29,733065.76,70,4,12,0.5659444212071797,1,0.09793589042569328
2023-12-30,516392.34,61,5,12,0.22848448443095584,1,0.1760997058156497
2023-12-31,541679.23,41,6,12,1.0532549020922368,1,0.1726294683914087
2024-01-01,307694.43,26,0,1,0.1777868610709824,1,0.2590190127650145
2024-01-02,148316.05,15,1,1,-0.5756191281234225,1,0.27089306255130696
2024-01-03,211157.52,21,2,1,-0.2746434921169637,1,0.2914503581826264
2024-01-04,257641.27,22,3,1,-0.13080186269591546,1,0.2880302059094765
2024-01-05,276226.01,20,4,1,-0.4422225367278026,1,0.27177624298329545
2024-01-06,476114.05,38,5,1,0.09221929078028725,1,0.23983293765564379
2024-01-07,171058.8,19,6,1,-0.4589352411416749,1,0.28388910258565453
2024-01-08,163403.51,21,0,1,-0.5921095304628771,1,0.26718284129981806
2024-01-09,223333.31,20,1,1,-0.24032496621980112,1,0.2921233016946612
2024-01-10,190057.11,22,2,1,-0.3276726291248542,1,0.28179541142782455
2024-01-11,87571.69,14,3,1,-0.7752131189435774,1,0.23431398300333317
2024-01-12,429683.82,35,4,1,-0.10356747556234028,1,0.2436203760283539
2024-01-13,458786.66,39,5,1,0.033599122103547055,1,0.24236315853129436
2024-01-14,226810.23,23,6,1,-0.231460563296216,1,0.29151222966163276
2024-01-15,247588.36000000002,29,0,1,-0.14292248364926438,1,0.27426850463602226
2024-01-16,187375.61000000002,17,1,1,-0.40104007212318704,1,0.28285727853012166
2024-01-17,201858.1,19,2,1,-0.2980146122645777,1,0.2871927559615792
2024-01-18,180430.98,18,3,1,-0.4233596497742764,1,0.2840333476342393
2024-01-19,297226.87,30,4,1,-0.39587724138032365,1,0.2663004835321772
2024-01-20,516244.12,35,5,1,0.2279830424133601,1,0.2144029259203904
2024-01-21,227833.09,21,6,1,-0.2272871322473442,1,0.2938268221694082
2024-01-22,171585.05,18,0,1,-0.5484550986858122,1,0.27828587214408695
2024-01-23,210460.52,19,1,1,-0.297860676460502,1,0.29014596608843196
2024-01-24,241688.17,24,2,1,-0.19791446070051477,1,0.29152964998692055
2024-01-25,300287.75,20,3,1,0.03079006780300622,1,0.2574052765097453
2024-01-26,402070.81,37,4,1,-0.1645046516533618,1,0.2481428400312734
2024-01-27,394621.81,40,5,1,-0.18347652114784446,1,0.24064211179683992
2024-01-28,306494.02999999997,27,6,1,0.09366198036772155,1,0.2667713028790774
2024-01-29,160705.03,21,0,1,-0.606507872469611,1,0.2672428258067259
2024-01-30,147145.39,22,1,1,-0.5808514635029616,1,0.2630109197792394
2024-01-31,147668.4,20,2,1,-0.4342031046074508,1,0.27038491568733997
2024-02-01,151935.26,21,3,2,-0.5313328847459958,1,0.26890119552512115
2024-02-02,321176.92,22,4,2,-0.3430235896328767,1,0.2623175659812106
2024-02-03,405081.16,25,5,2,-0.14809156927401576,1,0.2407551090685211
2024-02-04,191325.47,19,6,2,-0.3762440127866313,1,0.285741878426035
2024-02-05,246635.77000000002,21,0,2,-0.14800524009444635,1,0.28830757084014264
2024-02-06,216464.41,19,1,2,-0.27102592848768164,1,0.2904059493225108
2024-02-08,141037.88,15,3,2,-0.5726241864332708,1,0.2699028033533751
2024-02-09,331221.77,30,4,2,-0.32085632886493076,1,0.26107082528049524
2024-02-10,388274.98,34,5,2,-0.2049484361426934,1,0.25011984931088926
2024-02-11,181012.58000000002,18,6,2,-0.41832223984566186,1,0.285146402806968
2024-02-12,265760.65,21,0,2,-0.04596017654839588,1,0.27879150959474774
2024-02-13,135136.23,11,1,2,-0.6345271274417205,1,0.2391404352221541
2024-02-14,219863.72,15,2,2,-0.2527632408508463,1,0.27100149489475905
2024-02-15,311483.1,28,3,2,0.07321040868720342,1,0.2691613864869462
2024-02-16,405565.17,39,4,2,-0.15679319858665808,1,0.24681987234238223
2024-02-17,478096.25,42,5,2,0.09892525736562036,1,0.23847693863863179
2024-02-18,334581.64,24,6,2,0.20826388450181993,1,0.24822037254007612
2024-02-19,380223.39,29,0,2,0.5647813066376449,1,0.23446671551915188
2024-02-20,240599.28,23,1,2,-0.16315367336528913,1,0.2862508155267307
2024-02-21,964429.48,104,2,2,1.6184648394766972,1,0.021533196671783772
2024-02-22,173180.56,17,3,2,-0.4508322422303946,1,0.28482908093751835
2024-02-23,392004.52,37,4,2,-0.1867192268233012,1,0.24674624408752094
2024-02-24,426502.65,40,5,2,-0.075620680288017,1,0.24482498299619
2024-02-25,119891.67,20,6,2,-0.6677052478128349,1,0.2437813690582027
2024-02-26,269007.42,25,0,2,-0.02863631093619826,1,0.2729966122130119
2024-02-27,196017.3,23,1,2,-0.36241551817412393,1,0.28537700208345596
2024-02-28,152668.34,15,2,2,-0.4216373533594309,1,0.27070461702171356
2024-02-29,226932.24,22,3,2,-0.2471615585359777,1,0.2933128677977349
2024-03-01,372293.83,36,4,3,-0.23021733830790705,1,0.25420972120070867
2024-03-02,318839.54,34,5,3,-0.43985497457367867,1,0.2453389717921174
2024-03-03,276105.01,26,6,3,-0.030330041622372593,1,0.2760732229970904
2024-03-04,167648.82,21,0,3,-0.5694577319301446,1,0.2715521012329617
2024-03-05,166528.92,22,1,3,-0.49421560868656733,1,0.27260932364462526
2024-03-06,146877.01,20,2,3,-0.436192010450355,1,0.26926731745578114
2024-03-07,146031.82,19,3,3,-0.5537016304475063,1,0.2713371589192904
2024-03-08,277559.58,36,4,3,-0.43927957651014776,1,0.23482099423624353
2024-03-09,300745.76,38,5,3,-0.5010679117557832,1,0.22443517505699778
2024-03-10,145202.82,21,6,3,-0.5644317408884728,1,0.26511237818974015
2024-03-11,207730.32,16,0,3,-0.3555939474503978,1,0.28171031261002566
2024-03-12,157565.1,23,1,3,-0.5342799420727097,1,0.26362416710836534
2024-03-13,180745.58,18,2,3,-0.3510741838872063,1,0.28317874077369004
2024-03-14,93532.69,18,3,3,-0.7526262724393858,1,0.23117000091712298
2024-03-15,592585.78,44,4,3,0.25592920452043755,1,0.18904578941259914
2024-03-16,277558.99,32,5,3,-0.5795109068328709,1,0.21952931823001998
2024-03-17,73399.38,22,6,3,-0.8574011657479916,1,0.1810385815952978
2024-03-18,206716.58,20,0,3,-0.3610029833616911,1,0.29387474655593243
2024-03-19,104393.52,13,1,3,-0.7719335214381964,1,0.2423252535496297
2024-03-20,314974.21,25,2,3,-0.013733420809548539,1,0.2651622561453777
2024-03-21,174280.05,20,3,3,-0.44666616072345056,1,0.2856533639135058
2024-03-22,523171.65,43,4,3,0.102744127521767,1,0.22729500736517927
2024-03-23,2032767.46,178,5,3,5.3585222634393395,-1,-0.12509848510189348
2024-03-24,261824.58,22,6,3,-0.08859646122353133,1,0.2857012058525982
2024-03-25,224518.13,20,0,3,-0.26601884223410255,1,0.2939758898695525
2024-03-26,280445.58,28,1,3,0.014941764450758437,1,0.2716751757478381
2024-03-27,241893.04,23,2,3,-0.19739958543037517,1,0.2904230245942042
2024-03-28,310270.98,28,3,3,0.06861756044283832,1,0.26973407102031344
2024-03-29,364451.11,27,4,3,-0.2475248759386318,1,0.2605846425790238
2024-03-30,343523.93,29,5,3,-0.35634539202936943,1,0.2621195524505191
2024-03-31,194241.96,21,6,3,-0.36434427096495065,1,0.2890035345411263
2024-04-01,193770.7,20,0,4,-0.43007861401974185,1,0.2878565508114408
2024-04-02,324249.76,24,1,4,0.21072718531224244,1,0.2504495647215179
2024-04-03,261006.44,23,2,4,-0.14936416302452554,1,0.2863878762309453
2024-04-04,239403.30000000002,26,3,4,-0.19990742031008227,1,0.28198774656974385
2024-04-05,423237.74,37,4,4,-0.11779286830499357,1,0.24440591745721918
2024-04-06,402060.24,45,5,4,-0.15831162203204435,1,0.22087912919672248
2024-04-07,239074.87,26,6,4,-0.18141888664522204,1,0.28025572753962935
2024-04-08,282679.77,28,0,4,0.04431556246503857,1,0.2684329535790758
2024-04-09,143614.93,22,1,4,-0.5966310671146406,1,0.25915526143251255
2024-04-10,181216.4,20,2,4,-0.34989092828762053,1,0.2827347928645878
2024-04-11,120071.13,20,3,4,-0.6520693741436813,1,0.24322208686230307
2024-04-12,522666.57,41,4,4,0.10162950260763941,1,0.2312125501183382
2024-04-13,38687.35,4,5,4,-1.3876358367207278,1,0.020706389174345308
2024-04-14,356218.8,22,6,4,0.29654692944776373,1,0.2346833617935446
2024-04-15,321654.66,28,0,4,0.2522747824314029,1,0.2592861773527212
2024-04-16,266694.34,21,1,4,-0.046520230974501704,1,0.27820188241543575
2024-04-17,191095.66,22,2,4,-0.3250625656123658,1,0.28146523653107397
2024-04-18,351918.77,22,3,4,0.22642535107675907,1,0.24045234127118342
2024-04-19,373572.25,35,4,4,-0.2273960846793355,1,0.2547076137262486
2024-04-20,335435.41,39,5,4,-0.3837096059557131,1,0.23714249434456613
2024-04-21,374488.7,27,6,4,0.37109101946964757,1,0.243238606812678
2024-04-22,276427.71,24,0,4,0.010956301649089931,1,0.26884771006860797
2024-04-23,148183.12,19,1,4,-0.5762132667648744,1,0.2703370463423779
2024-04-24,219996.78,17,2,4,-0.25242883706578856,1,0.28229407364862663
2024-04-25,237132.12,24,3,4,-0.20851315660321934,1,0.29079008607741813
2024-04-26,398163.21,40,4,4,-0.1731280545092357,1,0.24093136709979196
2024-04-27,431478.53,40,5,4,-0.058786816393038115,1,0.24321711291650672
2024-04-28,238325.98,21,6,4,-0.18447447663621747,1,0.29025488308019004
2024-04-29,233617.05,19,0,4,-0.21746952482136964,1,0.2886622765030892
2024-04-30,338299.64,30,1,4,0.2735239702047652,1,0.2588136403031565
2024-05-01,195853.19,20,2,5,-0.3131060344269931,1,0.28714206356217226
2024-05-02,102580.67,16,3,5,-0.7183425389327605,1,0.2465740161166577
2024-05-03,473056.74,42,4,5,-0.007850881695109288,1,0.23463574079348704
2024-05-04,250841.88,26,5,5,-0.6698973698117165,1,0.2366660505733147
2024-05-05,327241.7,20,6,5,0.1783157650203107,1,0.2405417046573729
2024-05-06,355608.82,26,0,5,0.4334447774772681,1,0.24142538954430837
2024-05-07,373762.23,22,1,5,0.43202615214238504,1,0.22221518010036911
2024-05-08,356967.36,31,2,5,0.09180294103095098,1,0.26587911030442046
2024-05-09,270235.1,27,3,5,-0.08308253622218931,1,0.2816591367691214
2024-05-10,430666.73,41,4,5,-0.1013983618093802,1,0.2365271927888174
2024-05-11,525074.25,44,5,5,0.2578561918050194,1,0.22578341382127615
2024-05-12,229226.02,21,6,5,-0.2216037568969492,1,0.29302444737360994
2024-05-13,300442.72,30,0,5,0.13909374468188448,1,0.260747493048566
2024-05-14,192851.04,24,1,5,-0.3765673079498229,1,0.2855302674279854
2024-05-15,239875.99,20,2,5,-0.20246879597186543,1,0.29105661964003426
2024-05-16,249374.57,25,3,5,-0.16212524534919498,1,0.28503032384144833
2024-05-17,378333.03,34,4,5,-0.21688985992547438,1,0.25516455013307127
2024-05-18,463770.51,49,5,5,0.0504599492482915,1,0.2180370645412944
2024-05-19,389576.25,23,6,5,0.4326506166984047,1,0.22150645684159093
2024-05-20,270166.68,20,0,5,-0.02245082060285262,1,0.26882928854744953
2024-05-21,157368.51,19,1,5,-0.5351586129184408,1,0.27465868560352646
2024-05-22,230398.4,29,2,5,-0.22628768947273165,1,0.2744411393914388
2024-05-23,198696.39,16,3,5,-0.35415011915758055,1,0.2803574282005115
2024-05-24,406233.43,43,4,5,-0.15531846340586516,1,0.23131512601844362
2024-05-25,456287.38,36,5,5,0.02514382588349306,1,0.24120064116378787
2024-05-26,167238.93,18,6,5,-0.47452091665998053,1,0.27809995676110827
2024-05-27,97425.99,17,0,5,-0.9441473064390303,1,0.20407702592523758
2024-05-28,249653.09,23,1,5,-0.12268712425399626,1,0.28743019893883204
2024-05-29,205633.24,19,2,5,-0.2885270043799931,1,0.2900103390672642
2024-05-30,101205.15,14,3,5,-0.7235545267038468,1,0.24414201301731397
2024-05-31,270779.61,36,4,5,-0.4542418072043693,1,0.23394660486237512
2024-06-01,558330.98,51,5,6,0.3703667962432414,1,0.20246615707315435
2024-06-02,238353.49,25,6,6,-0.18436223147250555,1,0.2834419219925563
2024-06-03,205261.02,22,0,6,-0.3687694484425224,1,0.29167523280690905
2024-06-04,245847.76,24,1,6,-0.13969527588625666,1,0.2889924877259908
2024-06-05,258226.03,24,2,6,-0.1563518349620902,1,0.29000447504441224
2024-06-06,164480.98,21,3,6,-0.48379585204601844,1,0.2712477600888622
2024-06-07,333322.87,35,4,6,-0.3162195616061334,1,0.2542949912396971
2024-06-08,468695.05,38,5,6,0.06712012515795548,1,0.24088225646414996
2024-06-09,199272.9,20,6,6,-0.3438172377433843,1,0.2916314714896772
2024-06-10,371163.06,29,0,6,0.5164378947784234,1,0.24065928979532836
2024-06-11,312888.78,27,1,6,0.15994860092374574,1,0.2606172679461234
2024-06-12,328076.4,25,2,6,0.019194746397316765,1,0.26250487661771355
2024-06-13,227007.34,24,3,6,-0.24687699685631576,1,0.2926730918701587
2024-06-14,366985.63,37,4,6,-0.24193162509251914,1,0.25281620995257253
2024-06-15,335706.59,35,5,6,-0.38279217884512334,1,0.25009773662060275
2024-06-16,434653.47000000003,29,6,6,0.6165728245712588,1,0.21549304513006212
2024-06-17,380686.93,24,0,6,0.5672546277123985,1,0.2135790784001489
2024-06-18,223186.7,26,1,6,-0.24098024844520746,1,0.28214888312036246
2024-06-19,256012.19999999998,21,2,6,-0.16191558914422122,1,0.28792348000858153
2024-06-20,284105.97,28,3,6,-0.030524372898989453,1,0.2753056126032482
2024-06-21,427564.47000000003,36,4,6,-0.10824451744037186,1,0.24427985369047728
2024-06-22,220390.54,29,5,6,-0.772917079487136,1,0.2009817130404304
2024-06-23,133642.91,18,6,6,-0.6115980073532522,1,0.2606687219797142
2024-06-24,349885.92,31,0,6,0.402908967884335,1,0.25320328285752663
2024-06-25,116743.93,17,1,6,-0.7167326200707498,1,0.24590521643448354
2024-06-26,221161.05,19,2,6,-0.2495028165124355,1,0.2882335666952729
2024-06-27,295694.08999999997,24,3,6,0.013384214202528959,1,0.2664763952534033
2024-06-28,309848.92,36,4,6,-0.3680225423279683,1,0.25149663391797217
2024-06-29,282540.44,28,5,6,-0.5626581991108915,1,0.24370810585519115
2024-06-30,166937.3,20,6,6,-0.47575161490536233,1,0.2763773011524747
2024-07-01,222247.15,29,0,7,-0.27813616262575,1,0.2714442776318959
2024-07-02,242964.94,21,1,7,-0.15258021351019815,1,0.286904447384041
2024-07-03,145971.9,24,2,7,-0.43846671516923075,1,0.25772925746735914
2024-07-04,366552.87,25,3,7,0.2818754719334925,1,0.24491780603460167
2024-07-05,356477.68,36,4,7,-0.2651208681162116,1,0.25466128208705824
2024-07-06,466101.31,38,5,7,0.058345261990241974,1,0.24135270209534215
2024-07-07,193124.42,28,6,7,-0.36890401143222495,1,0.26801849418667667
2024-07-08,261441.83,27,0,7,-0.06900420408446185,1,0.2798879491911152
2024-07-09,172718.43,19,1,7,-0.4665512209437455,1,0.2830935381944497
2024-07-10,283349.26,24,2,7,-0.09321262554621891,1,0.2809341453653559
2024-07-11,276020.02,21,3,7,-0.06116287507824898,1,0.27752781049887965
2024-07-12,451779.92,45,4,7,-0.05480517342197894,1,0.22353952889577905
2024-07-13,220919.07,25,5,7,-0.7711290134396401,1,0.2216881193650619
2024-07-14,319934.92,24,6,7,0.14850294359873198,1,0.2559620624837566
2024-07-15,221295.37,23,0,7,-0.2832145971352403,1,0.29223103856085414
2024-07-16,303609.36,21,1,7,0.1184736743288299,1,0.2494895178440732
2024-07-17,1441354.81,117,2,7,2.8170642348014034,-1,-0.04597367898893645
2024-07-18,380836.76,32,3,7,0.33599861082172533,1,0.25644799567804977
2024-07-19,635443.73,53,4,7,0.35050934794015864,1,0.17692336549401133
2024-07-20,496095.11,43,5,7,0.15981707137736884,1,0.2295319826571094
2024-07-21,224239.30000000002,23,6,7,-0.2419503655042172,1,0.29119900579868446
2024-07-22,295655.26,25,0,7,0.11354918388337641,1,0.25640930664992245
2024-07-23,350207.23,19,1,7,0.3267456609109031,1,0.2162618580438619
2024-07-24,185382.47,21,2,7,-0.33942084278622686,1,0.2823539527468031
2024-07-25,249715.63,23,3,7,-0.1608329336785492,1,0.2885676857876983
2024-07-26,533917.64,39,4,7,0.12645868398998092,1,0.22242961516609122
2024-07-27,487805.9,39,5,7,0.13177390455322976,1,0.23808177461319902
2024-07-28,297825.77,24,6,7,0.058294104584433744,1,0.2636151798909941
2024-07-29,311392.55,20,0,7,0.19751900529363478,1,0.2412831800225056
2024-07-30,469119.76,31,1,7,0.8582323759174127,1,0.1738676866945088
2024-07-31,208766.69,28,2,7,-0.2806520792312697,1,0.2737287697246495
2024-08-01,350099.17,31,3,8,0.21953069818311244,1,0.2666915011125308
2024-08-02,503223.99,50,4,8,0.05872306389908232,1,0.21035218369886755
2024-08-03,558608.19,47,5,8,0.37130462340352793,1,0.21147663908520287
2024-08-04,204225.13,21,6,8,-0.32361135380701495,1,0.2919244802627396
2024-08-05,1681221.72,160,0,8,7.5065481181499525,-1,-0.11718539899943214
2024-08-06,295894.31,27,1,8,0.08399079367183804,1,0.26476190148698137
2024-08-07,302302.79,30,2,8,-0.04557898529215934,1,0.2741756908401816
2024-08-08,267034.48,30,3,8,-0.09521001695667099,1,0.2726640487158374
2024-08-09,606095.3,42,4,8,0.2857423976183714,1,0.1837872051743742
2024-08-10,536633.98,45,5,8,0.296963831354748,1,0.219647949669453
2024-08-11,214048.09,26,6,8,-0.283532118862031,1,0.27736641520868993
2024-08-12,244877.1,22,0,8,-0.15738901619691253,1,0.2890850818012874
2024-08-13,199809.31,19,1,8,-0.34546690108413486,1,0.2893174465743233
2024-08-14,205906.11000000002,20,2,8,-0.2878412328421252,1,0.2917685409177286
2024-08-15,273385.9,24,3,8,-0.07114382862859636,1,0.2821159722076422
2024-08-16,326598.72000000003,35,4,8,-0.33105860713620927,1,0.25439798754835746
2024-08-17,374070.59,39,5,8,-0.2530032059464664,1,0.24795131920252994
2024-08-18,382915.99,29,6,8,0.40547569942961004,1,0.2483536240501007
2024-08-19,202667.11,20,0,8,-0.38260983388717545,1,0.2923368237950493
2024-08-20,1453153.03,145,1,8,5.256428345084108,-1,-0.09428806334628892
2024-08-21,186947.8,25,2,8,-0.335486886098534,1,0.26972959260605683
2024-08-22,454634.89,27,3,8,0.6156273701920271,1,0.20109913760364856
2024-08-23,629602.58,54,4,8,0.33761893193248427,1,0.17767892488620995
2024-08-24,464738.46,42,5,8,0.05373461394220393,1,0.2408107647743602
2024-08-25,170680.41,23,6,8,-0.4604791323629393,1,0.2728634925039677
2024-08-26,305971.59,35,0,8,0.16859426392633764,1,0.24959748053151393
2024-08-27,281018.28,28,1,8,0.01750148159481579,1,0.27154295816861257
2024-08-28,279909.76,21,2,8,-0.10185670955873996,1,0.2780365295770397
2024-08-29,272011.2,26,3,8,-0.07635270933473834,1,0.28088471408221777
2024-08-30,489160.22,45,4,8,0.027686736132075868,1,0.22768521369290617
2024-08-31,497580.31,45,5,8,0.1648416408317815,1,0.22765322724697223
2024-09-01,286085.23,23,6,9,0.010390839067625819,1,0.26373803708093535
2024-09-02,285924.91,27,0,9,0.061630730848621924,1,0.2661453639439975
2024-09-03,181849.92,24,1,9,-0.42573747639374054,1,0.27890945983076615
2024-09-04,342123.36,29,2,9,0.05449729105802977,1,0.27078277979380727
2024-09-05,300454.32,30,3,9,0.03142121878810995,1,0.26981510089972377
2024-09-06,372839.99,46,4,9,-0.22901205688100465,1,0.21391801758336076
2024-09-07,486759.74,42,5,9,0.12823464816996255,1,0.23785374389653446
2024-09-08,214445.98,20,6,9,-0.2819086645476227,1,0.29087811253794554
2024-09-09,213564.5,23,0,9,-0.32446437859354244,1,0.28765198144054593
2024-09-10,316221.41,24,1,9,0.17484399143500737,1,0.2511943176542881
2024-09-11,219893.05,23,2,9,-0.25268952926948646,1,0.2906837133094275
2024-09-12,231237.88,27,3,9,-0.23084704255169533,1,0.2822281270514162
2024-09-13,584268.78,40,4,9,0.23757501229188202,1,0.19385007723480752
2024-09-14,79911.89,5,5,9,-1.2481693914903136,1,0.07568879050577726
2024-09-15,246346.56,27,6,9,-0.1517492379897159,1,0.2800571547122894
2024-09-16,317539.91,19,0,9,0.2303196159035025,1,0.23005806047185368
2024-09-17,211197.87,28,1,9,-0.2945650462244785,1,0.2723695814370898
2024-09-18,215638.55,23,2,9,-0.2633818553143391,1,0.28972765931107913
2024-09-19,208846.86,20,3,9,-0.315688936833239,1,0.293482859888404
2024-09-20,433907.79,41,4,9,-0.0942458983893631,1,0.2356862324915257
2024-09-21,373153.79,50,5,9,-0.25610482544269975,1,0.18888905231568287
2024-09-22,205337.27000000002,24,6,9,-0.3190736461963034,1,0.28781486772381276
2024-09-23,157194.86,22,0,9,-0.6252371675400868,1,0.26402036478368646
2024-09-24,223283.62,25,1,9,-0.24054705866765902,1,0.2853491240826374
2024-09-25,275901.5,27,2,9,-0.11193019005998366,1,0.2845827890205678
2024-09-26,218004.69,22,3,9,-0.28098897029717457,1,0.2927222833284608
2024-09-27,318848.66,31,4,9,-0.3481616600426467,1,0.26560374244680723
2024-09-28,367230.55,33,5,9,-0.2761436961504528,1,0.2576727534675763
2024-09-29,361514.62,28,6,9,0.31815471508532567,1,0.25251630616188747
2024-09-30,269678.62,28,0,9,-0.0250549736074354,1,0.2739449609262987
2024-10-01,273103.5,31,1,10,-0.017874104327031442,1,0.2640266604953734
2024-10-02,260437.37,25,2,10,-0.1507943385991746,1,0.28421525582024004
2024-10-03,243661.8,22,3,10,-0.18377152266906588,1,0.28978263655090547
2024-10-04,231383.98,27,4,10,-0.5411812043409628,1,0.2604026502872096
2024-10-05,282901.2,32,5,10,-0.5614377145455981,1,0.22189842202077492
2024-10-06,169882.39,21,6,10,-0.46373518054707075,1,0.27992220593496303
2024-10-07,237043.55,21,0,10,-0.19918666970068172,1,0.2913538239443692
2024-10-08,127913.88,21,1,10,-0.6668078557731021,1,0.2481030282520389
2024-10-09,151639.84,22,2,10,-0.4242221594088212,1,0.26669986467823387
2024-10-10,169140.92,20,3,10,-0.46613885665954935,1,0.2821939308784264
2024-10-11,599310.94,54,4,10,0.270770478947249,1,0.18685192009045004
2024-10-12,408696.77,45,5,10,-0.1358596250476025,1,0.2215882777040611
2024-10-13,252648.03,26,6,10,-0.12603824083317977,1,0.28532756215220406
2024-10-14,211332.1,20,0,10,-0.336375846788909,1,0.29209351506529385
2024-10-15,271016.15,18,1,10,-0.027203640874347568,1,0.25447701597108274
2024-10-16,224161.91999999998,23,2,10,-0.24196108882217413,1,0.29119900579868446
2024-10-17,422312.51,35,3,10,0.4931545240739011,1,0.23883813517548158
2024-10-18,282308.15,33,4,10,-0.4288002971316757,1,0.24875830458893394
2024-10-19,399721.38,32,5,10,-0.16622420250211398,1,0.24864931229659254
2024-10-20,350483.12,27,6,10,0.2731444452383966,1,0.25771099048016216
2024-10-21,257585.7,21,0,10,-0.08957944591038855,1,0.2875352236964782
2024-10-22,255053.37,26,1,10,-0.09855024753196073,1,0.2842721462864648
2024-10-23,314258.56,31,2,10,-0.015531978368368393,1,0.2678279097554878
2024-10-24,218736.66,28,3,10,-0.27821546014188636,1,0.2769566434506207
2024-10-25,226891.27,26,4,10,-0.5510958445919132,1,0.26372770067197565
2024-10-26,399924.96,29,5,10,-0.1655354724660721,1,0.24770641855218345
2024-10-27,379917.81,36,6,10,0.3932426494500365,1,0.24975806956996016
2024-10-28,236048.1,20,0,10,-0.20449811523691067,1,0.290411565876453
2024-10-29,156405.09,21,1,10,-0.5394646766357932,1,0.2707868817088397
2024-10-30,305171.36,31,2,10,-0.03836975136984576,1,0.27174491595849626
2024-10-31,240954.72,24,3,10,-0.19402892921739104,1,0.29163275028086433
2024-11-01,1090350.24,92,4,11,1.3544099768401605,1,0.02946436298096622
2024-11-02,1146048.6199999999,124,5,11,2.35867012358196,-1,-0.020048357205155964
2024-11-03,717711.35,63,6,11,1.7714938743921964,1,0.11221861503718145
2024-11-04,460688.52999999997,45,0,11,0.9941210109673893,1,0.17875601982561556
2024-11-05,649441.21,54,1,11,1.664189957559234,1,0.12071689322968293
2024-11-06,593528.15,58,2,11,0.6863228837052787,1,0.1689789216633763
2024-11-07,572805.89,47,3,11,1.0633895306092072,1,0.1736962969552463
2024-11-08,863254.18,89,4,11,0.8532479304787829,1,0.04272006664736028
2024-11-09,890961.52,70,5,11,1.4956867874153201,1,0.08680180182573227
2024-11-10,523584.51,48,6,11,0.9794255742578876,1,0.18069172841497744
2024-11-11,699712.7,45,0,11,2.2694877906121222,1,0.06429236032900332
2024-11-12,353739.05,48,1,11,0.3425313431244957,1,0.2055452075502241
2024-11-13,540506.25,50,2,11,0.553069283442598,1,0.20118925851230185
2024-11-14,531517.41,49,3,11,0.9069432027864629,1,0.18308110247589943
2024-11-15,1296571.05,104,4,11,1.8095039275758136,-1,-0.005461084920695636
2024-11-16,1263063.39,122,5,11,2.7545419516570453,-1,-0.036688572524583796
2024-11-17,432023.21,44,6,11,0.6058409465521695,1,0.21739030450520686
2024-11-18,699180.0,65,0,11,2.266645450929417,1,0.07824797401501438
2024-11-19,452268.24,58,1,11,0.7829134923004676,1,0.16556537860724013
2024-11-20,917168.8,76,2,11,1.499690224442863,1,0.07971338970669639
2024-11-21,744280.68,66,3,11,1.7131252731135638,1,0.10367832786519127
2024-11-22,1318578.93,111,4,11,1.8580715433102106,-1,-0.014370846196576026
2024-11-23,1571399.9,120,5,11,3.7976729843975434,-1,-0.07457545566259982
2024-11-24,473753.35,57,6,11,0.7761065371019703,1,0.17093191238740102
2024-11-25,365842.89,38,0,11,0.4880509409399789,1,0.23810704485832968
2024-11-26,399086.97,48,1,11,0.5452166028963463,1,0.21005988752854537
2024-11-27,407356.97,50,2,11,0.21844112163806562,1,0.20828722981318254
2024-11-28,681347.77,62,3,11,1.4746659578590597,1,0.13740634885798753
2024-11-29,1097199.5,102,4,11,1.369525118677765,1,0.019035382101714515
2024-11-30,892601.72,80,5,11,1.5012357362566393,1,0.07896586551238971
2024-12-01,400642.19,40,6,12,0.4778014072083015,1,0.23683952591251412
2024-12-02,645215.3099999999,62,0,12,1.9787048091950417,1,0.09895522380972255
2024-12-03,395991.84,37,1,12,0.5313827329398492,1,0.23976555831051222
2024-12-04,857873.62,67,2,12,1.3506707397917341,1,0.0952869147304698
2024-12-05,679447.33,67,3,12,1.4674649938311406,1,0.12872037921434565
2024-12-06,1378086.2,107,4,12,1.989393879798915,-1,-0.012717227780125406
2024-12-07,1081444.44,108,5,12,2.1401081861625055,1,0.011417822922726195
2024-12-08,622587.85,54,6,12,1.383374905640498,1,0.14501554340355216
2024-12-09,716522.88,78,0,12,2.359182255953633,1,0.053504433230945114
2024-12-10,538549.26,60,1,12,1.168551707946968,1,0.14297934251900024
2024-12-11,883712.92,82,2,12,1.4156095623021967,1,0.07500908011391239
2024-12-12,766265.7,64,3,12,1.7964287913372807,1,0.09829036626842336
2024-12-13,1154698.29,106,4,12,1.4964150843588215,1,0.01057198580609442
2024-12-14,1039560.0599999999,98,5,12,1.9984094409665654,1,0.022255035861122097
2024-12-15,754821.54,65,6,12,1.9229093361127978,1,0.09468584476496378
2024-12-16,581931.27,49,0,12,1.6410386966102417,1,0.11984489226588901
2024-12-17,628350.36,61,1,12,1.5699231331699537,1,0.12801207535018855
2024-12-18,549090.31,47,2,12,0.5746425748537107,1,0.20395429900102174
2024-12-19,545429.23,57,3,12,0.9596565299017019,1,0.1654055062054588
2024-12-20,1131233.02,89,4,12,1.4446312589079429,1,0.030311180647337954
2024-12-21,1157774.4,106,5,12,2.398339525694243,1,0.003684686574947915
2024-12-22,46194.31,6,6,12,-0.9684021666911631,1,0.10397409194131846
2024-12-23,480821.6,53,0,12,1.1015454971616598,1,0.1549589775032162
2024-12-24,647372.2,64,1,12,1.6549423927465468,1,0.11809667049382488
2024-12-25,4131680.62,387,2,12,9.578338351008338,-1,-0.19112921571373453
2024-12-26,595542.31,55,3,12,1.1495401812709805,1,0.1534809148669244
2024-12-27,4560278.98,451,4,12,9.01194744387749,-1,-0.191706928678528
2024-12-28,1198289.16,109,5,12,2.5354047193037617,-1,-0.005157899547520883
2024-12-29,2567214.6,262,6,12,9.31776050769432,-1,-0.16693424906531096
2024-12-30,622044.16,55,0,12,1.8550699694373514,1,0.10714807497443823
2024-12-31,776706.0599999999,64,1,12,2.2330078698708817,1,0.07314676727487579
2025-01-01,334698.06,27,2,1,0.03583617257622356,1,0.2645086835463476
2025-01-02,208033.84,21,3,1,-0.3187695538345538,1,0.29302059402876174
2025-01-03,322205.21,32,4,1,-0.3407543300048015,1,0.2614034230161812
2025-01-04,401194.96,49,5,1,-0.1612389445862552,1,0.20340726703142786
2025-01-05,395921.22,29,6,1,0.45853910075503057,1,0.23846995668153903
2025-01-06,358071.52,31,0,1,0.4465850626970896,1,0.24710128482614496
2025-01-07,228038.98,22,1,1,-0.2192926907295337,1,0.2931278040385437
2025-01-08,348623.15,32,2,1,0.07083243594064194,1,0.26701851096209267
2025-01-09,277547.26,29,3,1,-0.05537600451038097,1,0.2785234218303522
2025-01-10,348300.83,42,4,1,-0.28316577333733267,1,0.23695816279010234
2025-01-11,573553.24,50,5,1,0.42186511473443916,1,0.1949309768967814
2025-01-12,380990.35,26,6,1,0.39761878277928675,1,0.24028764523828267
2025-01-13,227672.84,24,0,1,-0.2491861832883021,1,0.2932166090716301
2025-01-14,165387.16,20,1,1,-0.49931877377544265,1,0.27397435267029663
2025-01-15,297414.86,26,2,1,-0.05786323520270505,1,0.2779304053485108
2025-01-16,422167.14,27,3,1,0.4926037020849204,1,0.2252488744646851
2025-01-17,720971.75,63,4,1,0.5392550158501913,1,0.12686172278740826
2025-01-18,719471.6799999999,58,5,1,0.9155207412221436,1,0.1375114784164191
2025-01-19,265602.12,21,6,1,-0.07318349881972688,1,0.28521181784473365
2025-01-20,147900.63,21,0,1,-0.6748286050268374,1,0.2572514611374499
2025-01-21,381777.02,36,1,1,0.46784873878289335,1,0.2435308013275927
2025-01-22,292634.94,25,2,1,-0.06987603649740762,1,0.27471013010072753
2025-01-23,297626.86,27,3,1,0.0207076799495356,1,0.27062850901980345
2025-01-24,563564.33,52,4,1,0.19188384296562042,1,0.19297229147150158
2025-01-25,469876.66,47,5,1,0.0711176214635227,1,0.22949264652820012
2025-01-26,350926.27999999997,30,6,1,0.27495260833365687,1,0.2623447524270055
2025-01-27,305953.1,29,0,1,0.16849560640665795,1,0.25957412706903493
2025-01-28,387920.58999999997,20,1,1,0.49530779492872185,1,0.2044991731040111
2025-01-29,305446.73,35,2,1,-0.037677696880958456,1,0.26084608639483015
2025-01-30,372405.64,31,3,1,0.30405222375606206,1,0.25819763998210793
2025-01-31,550879.93,50,4,1,0.16389154815933354,1,0.2001816492561519
2025-02-01,558709.3,48,5,2,0.3716466879184324,1,0.20819879715368939
2025-02-02,261300.81,30,6,2,-0.09073352590537204,1,0.2712223255516022
2025-02-03,254502.71,26,0,2,-0.10602942679716222,1,0.28486210231964965
2025-02-04,273546.12,24,1,2,-0.015895787577768945,1,0.2720578716182583
2025-02-05,304994.55,22,2,2,-0.03881410679774337,1,0.2649419779007231
2025-02-06,412661.97,28,3,2,0.4565876283076604,1,0.2339533411971132
2025-02-07,346401.67,40,4,2,-0.28735689365869665,1,0.24222370538176502
2025-02-08,471200.27,51,5,2,0.07559551694935308,1,0.21023471093114243
2025-02-09,238019.57,27,6,2,-0.18572467803981604,1,0.2801852720431338
2025-02-10,369639.04,31,0,2,0.5083061460957935,1,0.2444636490825784
2025-02-11,1858660.18,152,1,2,7.068866975942873,-1,-0.11903379530109481
2025-02-12,152983.64,20,2,2,-0.4208449475768613,1,0.27101488144033253
2025-02-13,259089.98,19,3,2,-0.1253125504330254,1,0.28011584048175225
2025-02-14,553740.61,46,4,2,0.17020457817308646,1,0.20805507123381134
2025-02-15,334828.52,49,5,2,-0.3857627711564862,1,0.18009007178055764
2025-02-16,347162.45,27,6,2,0.2595955849045706,1,0.2585373426655642
2025-02-17,153929.75,25,0,2,-0.6426588903135025,1,0.23945042176578962
2025-02-18,222241.02,20,1,2,-0.24520702216406928,1,0.29142420582468254
2025-02-19,184470.12,29,2,2,-0.3417137429312548,1,0.2533778185018166
2025-02-20,347024.91,25,3,2,0.20788200857835218,1,0.25377368909924636
2025-02-21,443684.09,48,4,2,-0.07267128140198445,1,0.2112424585434901
2025-02-22,295911.26,41,5,2,-0.5174234739880467,1,0.20000890825414885
2025-02-23,393254.02,31,6,2,0.44765650167641685,1,0.2459194825540818
2025-02-24,204551.63,29,0,2,-0.3725545570355662,1,0.2628019163506486
2025-02-25,281304.23,26,1,2,0.018779552342751995,1,0.2703666750123544
2025-02-26,262888.84,17,2,2,-0.14463335222494134,1,0.2656131500162422
2025-02-27,377017.01,27,3,2,0.3215251823811306,1,0.24715098841731709
2025-02-28,398037.55,37,4,2,-0.17340536457241243,1,0.24581686893871557
2025-03-01,484851.06,55,5,3,0.12177740656866427,1,0.19460268465106528
2025-03-02,288661.45,24,6,3,0.02090222531474154,1,0.2657438122590011
2025-03-03,299146.82,27,0,3,0.13217918114740357,1,0.26182831606693785
2025-03-04,314442.71,30,1,3,0.1668939846528621,1,0.25984667667523575
2025-03-05,353254.99,31,2,3,0.08247308548056205,1,0.2665323843149107
2025-03-06,1839137.32,176,3,3,5.861650499044587,-1,-0.12483210913012688
2025-03-07,414597.43,45,4,3,-0.13686055024010366,1,0.22037565768840428
2025-03-08,489990.92,45,5,3,0.13916603002406228,1,0.23278466625740835
2025-03-09,285609.73,25,6,3,0.0084507236425055,1,0.26673583001953566
2025-03-10,401027.13,33,0,3,0.6757843022274479,1,0.22660182567078047
2025-03-11,237242.29,27,1,3,-0.17815794236376806,1,0.2785802367229824
2025-03-12,199906.2,23,2,3,-0.30292008910250173,1,0.2817888843708127
2025-03-13,205064.29,28,3,3,-0.3300214864023313,1,0.27119214853357715
2025-03-14,467633.54,56,4,3,-0.019818953751608328,1,0.18017954254983926
2025-03-15,496586.0,63,5,3,0.16147779781116675,1,0.1607061735244535
2025-03-16,227578.68,19,6,3,-0.22832516540255948,1,0.28917432296854967
2025-03-17,261633.73,30,0,3,-0.06798027882613399,1,0.26905841936774955
2025-03-18,313728.1,29,1,3,0.16369999221648196,1,0.26151377183088487
2025-03-19,384681.11,30,2,3,0.1614525945567557,1,0.25282039014772
2025-03-20,222574.49,24,3,3,-0.2636735247083717,1,0.2938333496513976
2025-03-21,615859.84,53,4,3,0.3072910623031637,1,0.1814129607182347
2025-03-22,511191.51,46,5,3,0.21088959380639832,1,0.22448649727351228
2025-03-23,309910.69,32,6,3,0.10760249512774606,1,0.2614697083858065
2025-03-24,420999.45999999996,34,0,3,0.7823511242944456,1,0.20977411110405625
2025-03-25,434269.61,41,1,3,0.7024675314474135,1,0.21076021327799493
2025-03-26,492350.18,32,2,3,0.43204439180345144,1,0.2164538874696026
2025-03-27,229206.75,30,3,3,-0.23854320452788363,1,0.2683405424572546
2025-03-28,333639.25,36,4,3,-0.3155213652207456,1,0.2507580207528608
2025-03-29,624913.75,52,5,3,0.5956224872829534,1,0.1702496182441779
2025-03-30,265965.68,26,6,3,-0.07170011635083784,1,0.2819156243393708
2025-03-31,374685.14,39,0,3,0.5352307383107371,1,0.2400285619941348
2025-04-01,296732.91,28,1,4,0.08773896688120837,1,0.2666662890413918
2025-04-02,258323.13,27,2,4,-0.15610780514449585,1,0.28314959596136874
2025-04-03,271979.69,27,3,4,-0.07647210398888148,1,0.28221542623911755
2025-04-04,315677.06,39,4,4,-0.35516083715844404,1,0.2428204640115304
2025-04-05,573818.84,54,5,4,0.4227636641871,1,0.19398182097679917
2025-04-06,191795.33,22,6,4,-0.3743269094561434,1,0.2876878512691953
2025-04-07,201518.51,22,0,4,-0.3887384454125284,1,0.28930063685668833
2025-04-08,160055.31,20,1,4,-0.5231497984908992,1,0.2725734385026864
2025-04-09,308312.49,34,2,4,-0.030475524995590697,1,0.26407620905762064
2025-04-10,328458.07,31,3,4,0.13753032846631028,1,0.2646831060030958
2025-04-11,473988.98,51,4,4,-0.005793587939771014,1,0.20105329942764455
2025-04-12,544481.72,53,5,4,0.3235134641921921,1,0.20235639483959822
2025-04-13,443866.74,48,6,4,0.6541644276055347,1,0.20264168294650503
2025-04-14,178321.38,17,0,4,-0.5125119072557396,1,0.2781553308755178
2025-04-15,355599.55,28,1,4,0.3508469599335032,1,0.24871104127344773
2025-04-16,336774.01,30,2,4,0.04105340944373139,1,0.2668438649233053
2025-04-17,414921.02,31,3,4,0.4651474027742423,1,0.24300968187825805
2025-04-18,405025.4,43,4,4,-0.15798437837975735,1,0.23074922448245577
2025-04-19,678772.39,56,5,4,0.7778312654947801,1,0.1494602797062844
2025-04-20,267299.12,29,6,4,-0.06625946963691051,1,0.27481318339101674
2025-04-21,229785.44,25,0,4,-0.23791393471746733,1,0.28671982135250973
2025-04-22,408140.64,38,1,4,0.5856825262692071,1,0.23185906921922528
2025-04-23,540633.49,35,2,4,0.5533890605176826,1,0.19252199516798024
2025-04-24,366644.02,31,3,4,0.28222084872578534,1,0.25968633569640304
2025-04-25,379594.48,37,4,4,-0.2141060561757196,1,0.2510392265344374
2025-04-26,428756.81,43,5,4,-0.06799464777969583,1,0.2349781181350606
2025-04-27,192572.28,22,6,4,-0.3711568302141933,1,0.2878431640826159
2025-04-28,278970.56,28,0,4,0.024524245073470737,1,0.2706795577875767
2025-04-29,143522.59,16,1,4,-0.597043786306333,1,0.2716108920437881
2025-04-30,267625.88,28,2,4,-0.13272831610612393,1,0.2813672476471028
2025-05-01,316241.11,38,3,5,0.09123900146281294,1,0.24894835651143232
2025-05-02,425246.1,43,4,5,-0.11336076231675965,1,0.23280078348403482
2025-05-03,329574.26,38,5,5,-0.40353842043034965,1,0.23730535536116892
2025-05-04,199167.75,23,6,5,-0.344246266422567,1,0.28573898887869803
2025-05-05,490388.16,38,0,5,1.152590012113759,1,0.1561751393230555
2025-05-06,309700.59,23,1,5,0.14569879369218985,1,0.2502401171809762
2025-05-07,271654.86,31,2,5,-0.12260276250683132,1,0.2696372034953733
2025-05-08,336392.14,35,3,5,0.16759334159221376,1,0.2576498281647065
2025-05-09,662160.94,58,4,5,0.40946964710460315,1,0.16080237291536437
2025-05-10,529445.2,43,5,5,0.2726435213611496,1,0.2239000250070204
2025-05-11,242594.51,26,6,5,-0.16705819715022624,1,0.2798068818615567
2025-05-12,239640.28,29,0,5,-0.18533123751695368,1,0.27186776818562036
2025-05-13,384923.97,28,1,5,0.4819142213505396,1,0.23776830075360966
2025-05-14,188719.63999999998,27,2,5,-0.3310339325248328,1,0.2659973423254784
2025-05-15,334781.52999999997,31,3,5,0.16149057345798848,1,0.260436819359869
2025-05-16,512275.31,56,4,5,0.07869777439591644,1,0.19416253210548357
2025-05-17,305168.49,34,5,5,-0.48610540565349786,1,0.23636679001675237
2025-05-18,182244.03,20,6,5,-0.4132977285096695,1,0.2860619251622786
2025-05-19,401990.15,30,0,5,0.680922710264315,1,0.2170227516403238
2025-05-20,339661.6,36,1,5,0.2796113324564156,1,0.2508349940954236
2025-05-21,552022.43,39,2,5,0.5820115213909379,1,0.19713305569314782
2025-05-22,223479.08,28,3,5,-0.260245939491256,1,0.2804116540118033
2025-05-23,656105.62,53,4,5,0.3961065946475374,1,0.16759941516899624
2025-05-24,383146.78,48,5,5,-0.22229761273582463,1,0.19921270070008024
2025-05-25,351364.62,35,6,5,0.2767411050643557,1,0.2589874270104952
2025-05-26,180902.33,20,0,5,-0.49874067278215456,1,0.27889381181937095
2025-05-27,384987.85,34,1,5,0.4821997368580695,1,0.24746337900990517
2025-05-28,325134.05,34,2,5,0.011800090024517925,1,0.2647341121905182
2025-05-29,244099.72,24,3,5,-0.18211219842462437,1,0.29031682809457016
2025-05-30,409634.34,34,4,5,-0.1478132384579251,1,0.2529375660764353
2025-05-31,598249.78,55,5,5,0.5054158018564964,1,0.18257669923528957
2025-06-01,231510.68,22,6,6,-0.21228198169788423,1,0.2908058732761025
2025-06-02,373961.14,36,0,6,0.5313676748035495,1,0.24198912765959396
2025-06-03,329036.73,21,1,6,0.2321228360492564,1,0.24103922631655328
2025-06-04,357024.05,33,2,6,0.09194541322826741,1,0.26611481593641906
2025-06-05,464546.55,39,3,6,0.6531836766878724,1,0.21970585048228858
2025-06-06,356677.54,43,4,6,-0.2646798113819566,1,0.2248756697532211
2025-06-07,364604.23,37,5,6,-0.28502878048220137,1,0.2509594226226616
2025-06-08,301979.96,32,6,6,0.0752438587334991,1,0.2629881626944288
2025-06-09,395422.06,31,0,6,0.6458772008845866,1,0.23023096887258981
2025-06-10,308300.23,24,1,6,0.13943980032768455,1,0.2564650431448934
2025-06-11,253438.53,33,2,6,-0.1683836861642837,1,0.26193449782904143
2025-06-12,357925.67,22,3,6,0.24918611743576377,1,0.23713751456222187
2025-06-13,320400.23,43,4,6,-0.34473761122263225,1,0.2166660181035418
2025-06-14,704899.31,58,5,6,0.8662210609229258,1,0.1392297886659175
2025-06-15,486515.69,38,6,6,0.8281789086995099,1,0.1907347648672944
2025-06-16,340574.92,32,0,6,0.353228050321596,1,0.24952162114725435
2025-06-17,352513.66,34,1,6,0.3370543887135363,1,0.25831358206121685
2025-06-18,274853.04,25,2,6,-0.11456515919031307,1,0.2839958568331086
