customer_id,name,city,signup_date,age
1,Khaled Mahmoud,Alexandria,2023-08-08,45.0
2,Ahmed Abdallah,Port Said,2023-06-12,50.0
3,Mona Said,Tanta,2023-08-08,54.0
4,Sara Mahmoud,Damietta,2023-09-27,26.0
5,Khaled Adel,Cairo,2024-09-23,35.0
6,Mohamed Fawzy,Cairo,2025-04-27,38.0
7,Nour Hassan,Cairo,2024-02-04,19.0
8,Ahmed Mahmoud,Luxor,2023-07-01,60.0
9,Mona Said,Mansoura,2024-09-09,55.0
10,Omar Fawzy,Tanta,2024-12-29,57.0
11,Ahmed Adel,Cairo,2023-07-24,53.0
12,Mona Adel,Port Said,2024-08-04,60.0
13,Nour Said,Luxor,2024-07-09,54.0
14,Fatma Fawzy,Cairo,2025-04-20,32.0
15,Ali Hassan,Cairo,2025-03-23,45.0
16,Amr Ibrahim,Cairo,2023-08-16,35.0
17,Hana Kamal,Alexandria,2024-11-26,51.0
18,Youssef Abdallah,Damietta,2024-09-10,
19,Sara Said,Giza,2024-08-18,28.0
20,Amr Fathy,Alexandria,2025-04-29,30.0
21,Mohamed Mahmoud,Mansoura,2023-09-07,21.0
22,Nour Mahmoud,Cairo,2025-05-24,39.0
23,Youssef Fathy,Alexandria,2024-03-16,
24,Laila Abdallah,Alexandria,2024-06-16,60.0
25,Amr Hassan,Giza,2023-07-15,41.0
26,Hana Ramzy,Aswan,2024-11-20,21.0
27,Omar Mahmoud,Cairo,2024-06-02,45.0
28,Nour Mahmoud,Giza,2023-03-11,32.0
29,Omar Abdallah,Damietta,2024-09-30,18.0
30,Salma Fawzy,Cairo,2024-02-03,20.0
31,Salma Fathy,Mansoura,2024-11-02,31.0
32,Laila Said,Cairo,2025-01-29,55.0
33,Hana Mahmoud,Cairo,2023-07-22,18.0
34,Ahmed Said,Port Said,2023-05-28,
35,Amr Abdallah,Port Said,2024-04-16,55.0
36,Mohamed Said,Aswan,2024-10-16,38.0
37,Salma Mahmoud,Alexandria,2023-07-18,46.0
38,Nour Abdallah,Cairo,2024-03-01,22.0
39,Fatma Fathy,Tanta,2024-10-27,27.0
40,Sara Fathy,Giza,2024-05-06,45.0
41,Youssef Said,Cairo,2025-06-06,38.0
42,Khaled Abdallah,Giza,2025-06-14,24.0
43,Hana Mahmoud,Cairo,2023-05-22,20.0
44,Laila Ibrahim,Suez,2023-11-09,62.0
45,Omar Said,Alexandria,2023-06-14,64.0
46,Sara Ramzy,Mansoura,2023-11-10,37.0
47,Nour Abdallah,Alexandria,2023-01-21,36.0
48,Khaled Adel,Damietta,2023-03-23,52.0
49,Mona Fathy,Damietta,2024-08-03,21.0
50,Salma Hassan,Cairo,2023-05-11,
51,Mona Hassan,Port Said,2024-08-21,18.0
52,Amr Fathy,Aswan,2024-12-30,21.0
53,Nour Abdallah,Suez,2023-11-01,29.0
54,Mohamed Said,Suez,2024-01-06,44.0
55,Laila Fathy,Damietta,2025-05-06,59.0
56,Mona Ramzy,Suez,2025-05-02,40.0
57,Nour Ramzy,Cairo,2024-01-19,42.0
58,Sara Abdallah,Cairo,2024-03-20,38.0
59,Sara Said,Cairo,2024-02-29,41.0
60,Hana Adel,Alexandria,2023-06-10,
61,Omar Abdallah,Alexandria,2023-06-27,62.0
62,Hana Fawzy,Alexandria,2024-09-20,63.0
63,Nour Fawzy,Luxor,2024-12-08,49.0
64,Nour Fathy,Alexandria,2025-06-13,49.0
65,Mona Ibrahim,Alexandria,2024-05-04,22.0
66,Omar Ramzy,Damietta,2023-11-23,53.0
67,Mohamed Hassan,Cairo,2024-08-20,63.0
68,Salma Mahmoud,Aswan,2023-10-16,59.0
69,Sara Ibrahim,Cairo,2024-08-15,59.0
70,Amr Kamal,Port Said,2024-10-25,56.0
71,Laila Mahmoud,Aswan,2024-07-26,33.0
72,Nour Kamal,Cairo,2024-07-26,50.0
73,Laila Ramzy,Cairo,2023-12-20,38.0
74,Omar Abdallah,Aswan,2023-01-28,26.0
75,Omar Hassan,Tanta,2023-02-12,23.0
76,Khaled Mahmoud,Tanta,2024-11-11,62.0
77,Khaled Adel,Aswan,2024-02-27,52.0
78,Amr Abdallah,Cairo,2024-08-20,56.0
79,Amr Fathy,Alexandria,2023-06-26,39.0
80,Mohamed Abdallah,Cairo,2024-06-12,58.0
81,Nour Ibrahim,Luxor,2024-09-01,22.0
82,Fatma Hassan,Mansoura,2024-05-08,59.0
83,Hana Abdallah,Alexandria,2023-07-17,40.0
84,Omar Ibrahim,Cairo,2024-09-01,34.0
85,Omar Mahmoud,Alexandria,2024-07-30,29.0
86,Salma Abdallah,Alexandria,2025-04-21,40.0
87,Salma Adel,Tanta,2025-05-02,33.0
88,Laila Said,Mansoura,2024-05-31,20.0
89,Sara Fathy,Suez,2024-05-28,47.0
90,Amr Ibrahim,Giza,2023-01-22,39.0
91,Omar Adel,Cairo,2023-04-22,26.0
92,Ahmed Fawzy,Tanta,2023-02-26,46.0
93,Youssef Ramzy,Aswan,2023-03-07,64.0
94,Ahmed Mahmoud,Damietta,2025-04-21,54.0
95,Youssef Abdallah,Aswan,2023-04-08,40.0
96,Mona Hassan,Giza,2023-05-24,30.0
97,Mona Fawzy,Damietta,2025-05-29,49.0
98,Mohamed Mahmoud,Giza,2024-03-10,63.0
99,Hana Ramzy,Cairo,2024-09-28,64.0
100,Salma Mahmoud,Cairo,2024-11-09,40.0
101,Amr Adel,Cairo,2023-03-27,62.0
102,Amr Ibrahim,Mansoura,2024-08-10,34.0
103,Sara Ramzy,Alexandria,2023-12-10,57.0
104,Omar Ibrahim,Giza,2023-10-21,
105,Ali Adel,Suez,2024-07-24,19.0
106,Salma Fawzy,Cairo,2024-10-11,54.0
107,Nour Said,Giza,2024-09-02,23.0
108,Omar Said,Tanta,2024-12-04,61.0
109,Hana Abdallah,Cairo,2023-08-31,35.0
110,Nour Fathy,Cairo,2025-04-10,47.0
111,Fatma Adel,Alexandria,2024-07-14,39.0
112,Fatma Mahmoud,Cairo,2023-02-01,50.0
113,Mona Said,Suez,2024-01-26,47.0
114,Mohamed Fathy,Aswan,2023-10-04,34.0
115,Ahmed Fawzy,Mansoura,2024-06-15,60.0
116,Omar Said,Luxor,2023-06-03,49.0
117,Laila Said,Aswan,2024-01-18,59.0
118,Ahmed Mahmoud,Cairo,2023-03-09,31.0
119,Hana Hassan,Suez,2025-05-27,27.0
120,Mona Mahmoud,Damietta,2025-06-02,64.0
121,Ahmed Fathy,Aswan,2023-08-02,
122,Mohamed Adel,Suez,2024-10-16,51.0
123,Mona Abdallah,Alexandria,2024-01-11,26.0
124,Khaled Ramzy,Cairo,2025-01-13,
125,Mona Adel,Cairo,2023-08-01,45.0
126,Sara Fawzy,Giza,2023-03-20,28.0
127,Laila Ramzy,Aswan,2024-12-26,31.0
128,Mona Ramzy,Luxor,2024-09-19,56.0
129,Amr Kamal,Cairo,2024-08-26,64.0
130,Mona Mahmoud,Giza,2025-02-20,36.0
131,Mohamed Kamal,Giza,2024-01-16,32.0
132,Youssef Kamal,Cairo,2024-11-10,45.0
133,Nour Ramzy,Cairo,2023-02-27,41.0
134,Salma Hassan,Alexandria,2025-03-06,25.0
135,Khaled Mahmoud,Port Said,2023-01-26,60.0
136,Ahmed Kamal,Alexandria,2025-05-30,26.0
137,Hana Fathy,Giza,2024-03-22,64.0
138,Amr Mahmoud,Tanta,2023-03-07,50.0
139,Mona Said,Alexandria,2025-01-29,50.0
140,Mona Adel,Port Said,2023-09-11,36.0
141,Fatma Ibrahim,Port Said,2025-06-17,20.0
142,Nour Ibrahim,Alexandria,2023-02-13,27.0
143,Ali Ramzy,Giza,2023-04-07,57.0
144,Mona Mahmoud,Alexandria,2024-07-07,64.0
145,Fatma Adel,Alexandria,2023-08-15,59.0
146,Mohamed Hassan,Cairo,2025-02-12,18.0
147,Khaled Adel,Mansoura,2024-11-09,46.0
148,Salma Hassan,Giza,2024-03-11,51.0
149,Mohamed Said,Cairo,2025-03-01,30.0
150,Sara Kamal,Alexandria,2024-08-23,18.0
151,Fatma Ramzy,Suez,2024-01-14,51.0
152,Mona Kamal,Cairo,2023-06-27,46.0
153,Ahmed Ibrahim,Cairo,2024-03-02,64.0
154,Nour Hassan,Giza,2024-12-09,30.0
155,Nour Abdallah,Port Said,2023-11-03,46.0
156,Amr Ramzy,Cairo,2025-02-17,56.0
157,Ali Kamal,Mansoura,2024-05-18,41.0
158,Hana Adel,Aswan,2023-09-25,43.0
159,Khaled Ramzy,Cairo,2024-08-08,34.0
160,Sara Said,Tanta,2023-01-08,24.0
161,Ali Said,Alexandria,2024-05-22,30.0
162,Ahmed Fawzy,Mansoura,2024-04-20,22.0
163,Hana Adel,Mansoura,2023-10-24,43.0
164,Ahmed Fathy,Damietta,2023-06-13,20.0
165,Ahmed Hassan,Cairo,2024-04-29,24.0
166,Laila Ramzy,Luxor,2024-08-19,56.0
167,Omar Adel,Alexandria,2023-03-13,18.0
168,Sara Hassan,Cairo,2024-07-20,34.0
169,Omar Mahmoud,Cairo,2024-07-12,60.0
170,Salma Ibrahim,Damietta,2023-08-26,42.0
171,Mohamed Fawzy,Mansoura,2023-04-14,20.0
172,Mohamed Said,Cairo,2023-07-29,32.0
173,Nour Mahmoud,Giza,2024-07-07,46.0
174,Laila Said,Cairo,2025-04-07,60.0
175,Laila Fawzy,Mansoura,2024-04-12,
176,Ahmed Fawzy,Cairo,2024-03-29,43.0
177,Mohamed Kamal,Tanta,2023-09-25,33.0
178,Khaled Fawzy,Alexandria,2024-01-21,42.0
179,Laila Adel,Suez,2025-02-13,45.0
180,Youssef Abdallah,Cairo,2025-04-27,26.0
181,Mona Fathy,Alexandria,2024-01-22,18.0
182,Mona Abdallah,Cairo,2025-05-26,46.0
183,Nour Ibrahim,Suez,2023-09-16,39.0
184,Khaled Abdallah,Luxor,2023-10-10,33.0
185,Fatma Fathy,Alexandria,2024-09-17,58.0
186,Amr Mahmoud,Mansoura,2025-05-24,61.0
187,Ahmed Ramzy,Aswan,2023-02-09,58.0
188,Laila Fawzy,Damietta,2024-04-30,24.0
189,Mohamed Mahmoud,Damietta,2023-08-08,31.0
190,Omar Said,Cairo,2023-05-09,
191,Omar Abdallah,Cairo,2024-06-03,36.0
192,Sara Fathy,Suez,2024-09-04,36.0
193,Mohamed Said,Suez,2025-06-10,19.0
194,Youssef Abdallah,Mansoura,2024-11-18,58.0
195,Sara Ramzy,Alexandria,2024-09-10,62.0
196,Salma Adel,Alexandria,2024-09-04,32.0
197,Hana Abdallah,Tanta,2023-09-17,20.0
198,Laila Adel,Suez,2024-01-01,28.0
199,Ahmed Adel,Suez,2025-01-27,63.0
200,Ali Mahmoud,Aswan,2025-02-25,47.0
201,Sara Abdallah,Mansoura,2024-06-27,57.0
202,Mohamed Mahmoud,Cairo,2024-10-10,
203,Hana Adel,Cairo,2024-06-07,19.0
204,Sara Abdallah,Suez,2025-03-24,49.0
205,Ali Fawzy,Mansoura,2025-06-05,25.0
206,Mona Fathy,Cairo,2023-01-16,39.0
207,Mona Abdallah,Cairo,2023-05-09,23.0
208,Omar Ramzy,Mansoura,2024-07-28,29.0
209,Ali Hassan,Cairo,2023-04-19,64.0
210,Mohamed Kamal,Cairo,2025-06-05,57.0
211,Salma Abdallah,Damietta,2024-06-16,53.0
212,Ahmed Hassan,Tanta,2024-10-31,32.0
213,Youssef Ibrahim,Mansoura,2023-09-26,45.0
214,Khaled Abdallah,Cairo,2023-06-11,62.0
215,Sara Ramzy,Tanta,2023-09-17,35.0
216,Omar Kamal,Cairo,2023-04-12,19.0
217,Omar Hassan,Alexandria,2024-05-20,30.0
218,Mohamed Mahmoud,Tanta,2025-01-04,62.0
219,Hana Ibrahim,Mansoura,2024-07-24,32.0
220,Omar Hassan,Luxor,2023-09-04,37.0
221,Salma Fathy,Mansoura,2024-10-01,46.0
222,Laila Adel,Damietta,2025-03-05,59.0
223,Sara Kamal,Cairo,2025-04-16,46.0
224,Sara Hassan,Alexandria,2024-06-20,20.0
225,Ali Fathy,Alexandria,2023-05-11,36.0
226,Amr Hassan,Cairo,2023-12-19,20.0
227,Youssef Said,Port Said,2023-07-15,31.0
228,Khaled Said,Alexandria,2025-03-03,57.0
229,Khaled Mahmoud,Suez,2024-10-27,21.0
230,Youssef Adel,Mansoura,2024-01-17,28.0
231,Salma Kamal,Aswan,2024-10-06,48.0
232,Laila Ibrahim,Giza,2023-08-15,60.0
233,Mona Ibrahim,Damietta,2024-12-01,49.0
234,Amr Ibrahim,Giza,2024-04-20,
235,Nour Hassan,Cairo,2024-04-21,47.0
236,Sara Fathy,Tanta,2023-09-22,60.0
237,Amr Kamal,Alexandria,2024-01-07,19.0
238,Amr Said,Cairo,2024-04-30,26.0
239,Ali Ibrahim,Mansoura,2024-03-09,45.0
240,Amr Mahmoud,Cairo,2024-10-07,48.0
241,Nour Hassan,Port Said,2023-07-30,51.0
242,Salma Ramzy,Port Said,2024-07-25,32.0
243,Mona Said,Suez,2024-01-12,42.0
244,Salma Ramzy,Alexandria,2024-01-30,53.0
245,Youssef Abdallah,Cairo,2024-03-25,25.0
246,Salma Said,Suez,2023-12-30,26.0
247,Mona Hassan,Giza,2025-05-25,54.0
248,Khaled Said,Port Said,2024-04-01,62.0
249,Nour Fathy,Port Said,2024-12-25,56.0
250,Ali Mahmoud,Luxor,2024-12-28,49.0
251,Amr Abdallah,Alexandria,2023-08-14,34.0
252,Youssef Adel,Alexandria,2023-05-11,52.0
253,Nour Adel,Luxor,2024-08-10,54.0
254,Youssef Hassan,Alexandria,2024-04-20,36.0
255,Mohamed Abdallah,Cairo,2025-03-08,61.0
256,Sara Fawzy,Damietta,2023-10-04,46.0
257,Ali Hassan,Suez,2023-06-05,24.0
258,Mohamed Fawzy,Tanta,2025-01-29,45.0
259,Nour Fathy,Damietta,2023-08-06,26.0
260,Hana Fathy,Cairo,2023-07-09,45.0
261,Nour Fawzy,Mansoura,2024-02-21,23.0
262,Omar Mahmoud,Port Said,2024-11-05,46.0
263,Nour Fawzy,Cairo,2024-11-22,34.0
264,Mona Abdallah,Giza,2024-06-29,33.0
265,Ahmed Kamal,Luxor,2023-02-10,40.0
266,Ahmed Adel,Tanta,2023-11-03,48.0
267,Amr Adel,Tanta,2023-12-04,20.0
268,Khaled Said,Tanta,2023-11-10,38.0
269,Youssef Kamal,Alexandria,2023-03-16,43.0
270,Mohamed Fathy,Alexandria,2023-10-06,53.0
271,Laila Fathy,Aswan,2023-06-25,59.0
272,Khaled Mahmoud,Aswan,2025-06-14,54.0
273,Hana Abdallah,Luxor,2024-10-23,39.0
274,Omar Abdallah,Suez,2023-09-30,59.0
275,Khaled Kamal,Giza,2025-04-16,29.0
276,Youssef Kamal,Giza,2024-09-11,59.0
277,Hana Abdallah,Aswan,2024-10-12,30.0
278,Omar Ibrahim,Mansoura,2025-05-11,28.0
279,Mona Kamal,Tanta,2025-02-21,33.0
280,Khaled Kamal,Aswan,2025-05-08,25.0
281,Khaled Ibrahim,Suez,2023-10-16,57.0
282,Laila Fawzy,Alexandria,2024-12-24,57.0
283,Ali Kamal,Alexandria,2025-06-11,62.0
284,Omar Hassan,Cairo,2023-09-29,19.0
285,Ali Abdallah,Damietta,2023-03-07,47.0
286,Mona Kamal,Cairo,2024-04-27,47.0
287,Amr Fawzy,Giza,2023-09-05,29.0
288,Laila Fathy,Damietta,2023-06-05,27.0
289,Fatma Ramzy,Alexandria,2023-02-16,61.0
290,Fatma Said,Damietta,2024-03-29,28.0
291,Omar Ramzy,Cairo,2023-07-20,32.0
292,Amr Ibrahim,Cairo,2024-10-21,33.0
293,Khaled Mahmoud,Luxor,2023-05-04,34.0
294,Ali Adel,Alexandria,2023-01-01,43.0
295,Khaled Fawzy,Cairo,2025-01-28,19.0
296,Youssef Mahmoud,Damietta,2025-05-04,29.0
297,Salma Said,Aswan,2024-10-01,43.0
298,Khaled Abdallah,Cairo,2023-07-10,
299,Mona Said,Mansoura,2024-08-01,35.0
300,Sara Hassan,Cairo,2024-05-30,49.0
301,Ahmed Said,Cairo,2024-03-17,55.0
302,Fatma Fawzy,Damietta,2025-03-25,64.0
303,Salma Mahmoud,Damietta,2025-03-16,
304,Fatma Kamal,Mansoura,2023-05-23,55.0
305,Khaled Fawzy,Tanta,2023-07-10,20.0
306,Mona Kamal,Port Said,2024-06-16,47.0
307,Fatma Kamal,Giza,2023-08-15,18.0
308,Mona Ibrahim,Alexandria,2023-11-09,47.0
309,Khaled Hassan,Aswan,2024-09-20,62.0
310,Amr Mahmoud,Alexandria,2023-10-29,49.0
311,Amr Kamal,Giza,2024-10-15,45.0
312,Mona Ibrahim,Cairo,2024-04-04,38.0
313,Amr Adel,Cairo,2024-02-05,
314,Fatma Hassan,Port Said,2024-07-04,30.0
315,Omar Said,Luxor,2024-01-28,44.0
316,Salma Mahmoud,Tanta,2025-05-16,
317,Fatma Ibrahim,Giza,2025-02-02,24.0
318,Amr Ramzy,Cairo,2025-04-24,39.0
319,Khaled Adel,Cairo,2023-07-26,27.0
320,Omar Fawzy,Alexandria,2023-07-29,56.0
321,Youssef Ramzy,Damietta,2023-04-25,32.0
322,Laila Adel,Tanta,2025-01-06,32.0
323,Nour Adel,Mansoura,2024-10-07,21.0
324,Fatma Ibrahim,Alexandria,2023-09-08,49.0
325,Hana Ramzy,Port Said,2023-08-07,40.0
326,Fatma Abdallah,Tanta,2024-02-11,23.0
327,Amr Said,Damietta,2024-03-18,41.0
328,Salma Abdallah,Mansoura,2024-08-25,37.0
329,Amr Adel,Giza,2023-12-20,54.0
330,Fatma Said,Cairo,2025-06-06,37.0
331,Ali Ramzy,Alexandria,2024-07-11,29.0
332,Mohamed Abdallah,Tanta,2024-07-03,50.0
333,Mona Abdallah,Cairo,2023-05-22,45.0
334,Youssef Fathy,Cairo,2024-09-03,25.0
335,Omar Mahmoud,Cairo,2024-05-15,18.0
336,Sara Ibrahim,Cairo,2025-04-19,54.0
337,Mona Kamal,Luxor,2024-12-02,39.0
338,Hana Ibrahim,Tanta,2024-06-30,23.0
339,Hana Said,Giza,2024-10-20,
340,Mohamed Kamal,Cairo,2024-06-25,49.0
341,Nour Fathy,Giza,2025-04-25,52.0
342,Omar Ramzy,Giza,2024-05-21,32.0
343,Nour Hassan,Cairo,2024-08-18,22.0
344,Mona Kamal,Giza,2025-05-30,63.0
345,Nour Fawzy,Alexandria,2023-10-08,23.0
346,Hana Hassan,Mansoura,2024-02-28,42.0
347,Salma Fawzy,Mansoura,2025-05-05,63.0
348,Nour Ramzy,Cairo,2023-09-27,57.0
349,Ahmed Fathy,Alexandria,2023-06-03,46.0
350,Ali Kamal,Mansoura,2024-09-05,24.0
351,Salma Kamal,Giza,2024-12-27,57.0
352,Omar Adel,Luxor,2024-10-23,30.0
353,Amr Fawzy,Mansoura,2023-03-24,55.0
354,Mona Ramzy,Cairo,2024-09-13,35.0
355,Mona Abdallah,Cairo,2025-06-17,19.0
356,Nour Ramzy,Mansoura,2024-03-01,25.0
357,Ahmed Kamal,Cairo,2023-10-02,28.0
358,Youssef Kamal,Damietta,2024-12-13,50.0
359,Hana Ibrahim,Port Said,2023-10-11,55.0
360,Salma Ramzy,Damietta,2023-06-22,44.0
361,Sara Fawzy,Alexandria,2023-11-23,37.0
362,Omar Hassan,Mansoura,2024-12-18,29.0
363,Nour Fawzy,Giza,2023-03-04,60.0
364,Laila Hassan,Damietta,2023-03-14,48.0
365,Mohamed Kamal,Port Said,2025-02-01,44.0
366,Sara Ramzy,Alexandria,2024-09-27,49.0
367,Sara Hassan,Port Said,2024-01-10,27.0
368,Ali Kamal,Suez,2024-09-24,20.0
369,Youssef Said,Cairo,2024-05-22,62.0
370,Fatma Fathy,Cairo,2025-02-25,
371,Youssef Kamal,Cairo,2024-02-02,52.0
372,Ali Kamal,Cairo,2023-04-30,48.0
373,Ali Mahmoud,Cairo,2024-03-12,32.0
374,Fatma Hassan,Tanta,2025-04-08,33.0
375,Hana Adel,Cairo,2024-11-06,30.0
376,Ahmed Fathy,Alexandria,2024-04-09,52.0
377,Mona Mahmoud,Luxor,2023-10-13,28.0
378,Amr Hassan,Cairo,2023-09-22,38.0
379,Amr Hassan,Aswan,2023-11-16,28.0
380,Mona Said,Alexandria,2024-11-03,47.0
381,Salma Hassan,Cairo,2024-01-11,52.0
382,Laila Ibrahim,Tanta,2025-03-30,39.0
383,Mona Ibrahim,Mansoura,2023-03-30,55.0
384,Fatma Mahmoud,Luxor,2024-10-15,48.0
385,Laila Said,Tanta,2023-07-22,31.0
386,Fatma Abdallah,Aswan,2025-03-31,41.0
387,Amr Fathy,Alexandria,2025-01-08,49.0
388,Sara Fawzy,Cairo,2023-11-30,53.0
389,Laila Mahmoud,Tanta,2023-08-10,49.0
390,Amr Ibrahim,Aswan,2023-02-10,32.0
391,Ali Mahmoud,Port Said,2024-12-08,60.0
392,Laila Hassan,Giza,2023-03-09,52.0
393,Ali Fawzy,Alexandria,2025-02-14,20.0
394,Khaled Kamal,Aswan,2024-05-28,33.0
395,Nour Said,Alexandria,2025-05-22,22.0
396,Mohamed Fawzy,Suez,2024-09-28,38.0
397,Hana Said,Luxor,2024-09-13,27.0
398,Mohamed Abdallah,Giza,2024-08-20,36.0
399,Salma Fawzy,Tanta,2024-09-23,42.0
400,Amr Mahmoud,Tanta,2023-05-07,
401,Amr Fawzy,Cairo,2023-09-12,46.0
402,Amr Hassan,Suez,2024-11-25,36.0
403,Youssef Adel,Giza,2023-01-16,60.0
404,Nour Fathy,Luxor,2024-04-21,19.0
405,Mohamed Adel,Alexandria,2023-03-03,27.0
406,Khaled Fathy,Suez,2025-05-30,60.0
407,Ahmed Kamal,Alexandria,2024-03-07,
408,Salma Ramzy,Cairo,2024-10-31,37.0
409,Mohamed Kamal,Suez,2023-09-25,36.0
410,Youssef Ramzy,Cairo,2023-02-04,40.0
411,Hana Ibrahim,Alexandria,2025-02-17,41.0
412,Nour Ibrahim,Port Said,2024-07-29,28.0
413,Hana Adel,Port Said,2024-05-08,63.0
414,Khaled Abdallah,Damietta,2024-07-15,51.0
415,Laila Adel,Mansoura,2024-04-13,45.0
416,Amr Ramzy,Giza,2025-02-05,22.0
417,Fatma Kamal,Alexandria,2024-10-22,22.0
418,Salma Fawzy,Alexandria,2023-11-21,38.0
419,Ali Fathy,Mansoura,2023-10-31,29.0
420,Salma Said,Tanta,2023-10-03,21.0
421,Salma Mahmoud,Aswan,2025-05-18,59.0
422,Ali Ramzy,Aswan,2024-11-14,37.0
423,Mona Ramzy,Cairo,2023-07-20,55.0
424,Laila Fawzy,Giza,2024-03-20,42.0
425,Khaled Kamal,Cairo,2023-11-20,31.0
426,Youssef Hassan,Damietta,2023-02-04,28.0
427,Fatma Fathy,Giza,2024-04-26,49.0
428,Sara Ramzy,Suez,2024-12-28,28.0
429,Mona Fathy,Alexandria,2024-04-24,35.0
430,Amr Abdallah,Cairo,2023-03-06,44.0
431,Youssef Abdallah,Cairo,2023-01-08,35.0
432,Laila Abdallah,Aswan,2023-10-28,40.0
433,Omar Hassan,Mansoura,2023-12-09,28.0
434,Omar Said,Cairo,2024-03-06,38.0
435,Mohamed Said,Cairo,2024-02-28,61.0
436,Hana Kamal,Tanta,2023-11-28,22.0
437,Fatma Adel,Cairo,2024-03-13,
438,Amr Said,Luxor,2024-08-10,58.0
439,Hana Ramzy,Tanta,2023-06-23,42.0
440,Khaled Ramzy,Cairo,2024-07-12,58.0
441,Fatma Hassan,Cairo,2024-06-10,27.0
442,Mohamed Abdallah,Port Said,2025-05-22,39.0
443,Mona Kamal,Alexandria,2024-10-20,36.0
444,Hana Said,Alexandria,2023-01-26,18.0
445,Ali Fawzy,Aswan,2025-03-30,24.0
446,Youssef Ramzy,Port Said,2024-08-27,21.0
447,Omar Adel,Port Said,2024-02-10,18.0
448,Youssef Kamal,Tanta,2023-08-20,32.0
449,Hana Adel,Alexandria,2024-06-16,57.0
450,Youssef Fathy,Cairo,2025-03-29,29.0
451,Hana Ramzy,Aswan,2024-07-03,39.0
452,Ali Abdallah,Damietta,2025-02-26,39.0
453,Ali Said,Giza,2024-05-19,64.0
454,Mohamed Said,Suez,2024-10-30,34.0
455,Youssef Mahmoud,Cairo,2023-06-28,46.0
456,Hana Adel,Giza,2023-05-12,63.0
457,Amr Ibrahim,Cairo,2025-04-02,31.0
458,Mona Said,Giza,2024-03-30,37.0
459,Hana Ramzy,Cairo,2023-12-14,50.0
460,Ali Fawzy,Cairo,2024-06-23,60.0
461,Amr Adel,Cairo,2025-02-10,32.0
462,Laila Abdallah,Mansoura,2024-02-10,29.0
463,Mohamed Said,Tanta,2023-03-17,57.0
464,Ali Said,Damietta,2024-08-01,37.0
465,Youssef Ibrahim,Port Said,2025-05-03,47.0
466,Ali Hassan,Alexandria,2024-05-06,55.0
467,Hana Adel,Alexandria,2023-07-13,20.0
468,Sara Abdallah,Luxor,2023-06-11,45.0
469,Ahmed Hassan,Cairo,2023-12-13,43.0
470,Omar Abdallah,Port Said,2023-12-27,47.0
471,Hana Ibrahim,Cairo,2025-02-07,30.0
472,Khaled Ramzy,Port Said,2024-08-06,30.0
473,Mohamed Hassan,Cairo,2023-03-28,19.0
474,Laila Abdallah,Suez,2023-09-19,54.0
475,Fatma Ramzy,Damietta,2023-08-02,55.0
476,Fatma Fathy,Port Said,2024-10-26,19.0
477,Sara Hassan,Cairo,2024-12-22,53.0
478,Ali Ramzy,Damietta,2024-07-26,43.0
479,Mohamed Mahmoud,Port Said,2025-02-18,28.0
480,Nour Ramzy,Damietta,2023-09-19,25.0
481,Mohamed Fawzy,Mansoura,2024-12-30,61.0
482,Khaled Hassan,Tanta,2023-10-10,57.0
483,Sara Ibrahim,Giza,2024-10-09,60.0
484,Amr Fawzy,Mansoura,2024-04-11,39.0
485,Ali Mahmoud,Damietta,2024-01-15,37.0
486,Mona Mahmoud,Suez,2023-12-28,25.0
487,Omar Kamal,Cairo,2024-03-24,46.0
488,Laila Fawzy,Alexandria,2024-03-16,57.0
489,Amr Fawzy,Port Said,2023-04-03,43.0
490,Mona Adel,Suez,2024-09-12,47.0
491,Nour Ramzy,Giza,2025-01-22,34.0
492,Fatma Abdallah,Mansoura,2025-05-16,37.0
493,Salma Fawzy,Alexandria,2024-02-28,33.0
494,Nour Abdallah,Cairo,2023-05-22,63.0
495,Laila Fawzy,Giza,2023-10-18,60.0
496,Ahmed Fawzy,Alexandria,2024-03-07,24.0
497,Hana Mahmoud,Damietta,2025-01-18,33.0
498,Amr Said,Cairo,2025-05-01,62.0
499,Khaled Said,Port Said,2025-04-03,64.0
500,Ali Mahmoud,Port Said,2024-11-19,44.0
501,Sara Said,Tanta,2024-10-14,40.0
502,Sara Adel,Damietta,2024-12-01,41.0
503,Mohamed Ibrahim,Alexandria,2023-02-18,26.0
504,Ahmed Kamal,Aswan,2023-10-29,52.0
505,Fatma Fawzy,Tanta,2025-05-30,37.0
506,Fatma Abdallah,Cairo,2023-07-09,54.0
507,Ahmed Said,Suez,2023-05-16,59.0
508,Ali Abdallah,Luxor,2024-07-08,34.0
509,Hana Ramzy,Port Said,2024-02-08,64.0
510,Mohamed Said,Tanta,2025-06-10,48.0
511,Ali Fawzy,Mansoura,2025-05-14,25.0
512,Khaled Said,Giza,2024-08-24,32.0
513,Nour Mahmoud,Suez,2025-03-17,48.0
514,Omar Said,Luxor,2023-12-07,47.0
515,Khaled Ibrahim,Cairo,2025-01-26,63.0
516,Ali Ibrahim,Cairo,2024-12-04,37.0
517,Mohamed Hassan,Alexandria,2023-11-14,56.0
518,Sara Abdallah,Aswan,2024-09-09,29.0
519,Laila Fawzy,Port Said,2023-12-29,34.0
520,Ali Ramzy,Cairo,2025-04-01,59.0
521,Mohamed Ramzy,Damietta,2024-01-17,47.0
522,Hana Abdallah,Alexandria,2023-08-21,46.0
523,Hana Kamal,Port Said,2025-02-15,36.0
524,Ali Adel,Luxor,2023-12-10,63.0
525,Omar Ramzy,Luxor,2024-07-02,28.0
526,Fatma Mahmoud,Giza,2025-03-27,51.0
527,Laila Hassan,Giza,2024-07-06,24.0
528,Nour Fathy,Alexandria,2024-06-12,61.0
529,Laila Abdallah,Cairo,2025-05-05,51.0
530,Ahmed Mahmoud,Luxor,2025-02-27,37.0
531,Mona Fawzy,Aswan,2025-03-29,55.0
532,Laila Hassan,Port Said,2024-07-24,41.0
533,Amr Abdallah,Port Said,2023-07-02,27.0
534,Laila Hassan,Damietta,2023-02-10,49.0
535,Amr Ibrahim,Aswan,2024-07-04,32.0
536,Fatma Adel,Port Said,2024-02-01,54.0
537,Khaled Ramzy,Luxor,2024-12-04,37.0
538,Ali Ibrahim,Cairo,2025-02-17,20.0
539,Laila Kamal,Giza,2024-05-08,54.0
540,Khaled Ramzy,Cairo,2024-10-20,
541,Mohamed Ramzy,Port Said,2023-11-29,
542,Youssef Kamal,Mansoura,2023-05-07,57.0
543,Youssef Fathy,Cairo,2024-07-11,61.0
544,Khaled Mahmoud,Mansoura,2024-07-10,40.0
545,Salma Ibrahim,Mansoura,2023-01-01,57.0
546,Youssef Kamal,Alexandria,2023-06-17,28.0
547,Hana Ramzy,Cairo,2024-09-11,63.0
548,Ali Kamal,Mansoura,2023-01-19,25.0
549,Salma Adel,Damietta,2023-11-28,46.0
550,Ahmed Ramzy,Aswan,2024-08-06,47.0
551,Mohamed Fathy,Damietta,2024-03-31,27.0
552,Ali Fathy,Luxor,2023-04-19,56.0
553,Mohamed Kamal,Damietta,2023-09-25,45.0
554,Salma Adel,Damietta,2024-03-20,53.0
555,Salma Hassan,Luxor,2023-08-28,30.0
556,Khaled Adel,Giza,2023-10-28,49.0
557,Fatma Kamal,Cairo,2024-08-24,53.0
558,Ahmed Said,Cairo,2023-04-13,54.0
559,Omar Fathy,Tanta,2023-09-07,43.0
560,Laila Ramzy,Mansoura,2024-03-28,39.0
561,Khaled Ramzy,Tanta,2024-06-03,21.0
562,Amr Hassan,Cairo,2023-06-02,48.0
563,Mona Abdallah,Cairo,2025-05-08,35.0
564,Omar Ibrahim,Cairo,2023-06-23,55.0
565,Ali Ramzy,Alexandria,2023-12-09,41.0
566,Hana Ramzy,Damietta,2024-10-31,40.0
567,Mohamed Hassan,Alexandria,2024-03-06,39.0
568,Khaled Fawzy,Giza,2024-12-27,19.0
569,Amr Said,Suez,2024-11-19,48.0
570,Hana Ibrahim,Alexandria,2024-11-17,28.0
571,Ali Adel,Giza,2025-05-01,45.0
572,Ahmed Adel,Aswan,2025-04-29,63.0
573,Nour Mahmoud,Alexandria,2024-10-19,49.0
574,Mona Mahmoud,Mansoura,2023-11-20,22.0
575,Fatma Mahmoud,Luxor,2024-11-03,55.0
576,Khaled Ibrahim,Port Said,2024-09-30,27.0
577,Fatma Abdallah,Cairo,2024-02-24,57.0
578,Omar Abdallah,Suez,2024-08-16,63.0
579,Nour Ramzy,Giza,2024-04-29,41.0
580,Fatma Said,Alexandria,2024-10-20,52.0
581,Fatma Adel,Giza,2025-01-20,61.0
582,Sara Kamal,Port Said,2024-02-16,40.0
583,Mona Fawzy,Giza,2023-03-25,34.0
584,Omar Ibrahim,Alexandria,2023-04-23,18.0
585,Salma Mahmoud,Mansoura,2025-01-06,48.0
586,Ali Kamal,Cairo,2023-11-28,48.0
587,Youssef Adel,Cairo,2024-01-13,59.0
588,Ali Hassan,Cairo,2025-01-24,59.0
589,Ali Abdallah,Cairo,2024-10-16,51.0
590,Salma Fawzy,Cairo,2023-02-10,26.0
591,Laila Ramzy,Cairo,2025-02-08,39.0
592,Salma Ibrahim,Mansoura,2025-03-07,
593,Fatma Adel,Cairo,2023-04-15,42.0
594,Fatma Fathy,Alexandria,2023-07-21,35.0
595,Youssef Adel,Suez,2024-03-25,29.0
596,Amr Adel,Giza,2025-03-29,57.0
597,Nour Ramzy,Mansoura,2025-04-22,34.0
598,Youssef Said,Cairo,2023-09-23,32.0
599,Hana Said,Cairo,2023-07-29,59.0
600,Laila Kamal,Cairo,2024-07-16,32.0
601,Mona Kamal,Cairo,2023-04-28,32.0
602,Ahmed Fathy,Alexandria,2024-12-13,56.0
603,Hana Ramzy,Cairo,2024-01-12,30.0
604,Hana Kamal,Cairo,2024-07-04,34.0
605,Nour Ibrahim,Cairo,2024-06-23,49.0
606,Fatma Hassan,Giza,2025-02-09,26.0
607,Sara Adel,Cairo,2023-03-25,57.0
608,Laila Fathy,Alexandria,2024-03-29,37.0
609,Salma Mahmoud,Giza,2024-10-28,43.0
610,Salma Ramzy,Tanta,2024-09-20,44.0
611,Mohamed Adel,Cairo,2024-05-28,38.0
612,Fatma Hassan,Aswan,2024-08-27,35.0
613,Hana Ibrahim,Mansoura,2024-11-08,30.0
614,Nour Ibrahim,Cairo,2024-01-22,33.0
615,Mohamed Ramzy,Luxor,2023-12-16,26.0
616,Amr Abdallah,Suez,2023-10-23,29.0
617,Youssef Fawzy,Cairo,2023-09-15,61.0
618,Hana Kamal,Alexandria,2023-03-22,55.0
619,Khaled Mahmoud,Aswan,2023-09-25,36.0
620,Salma Fathy,Tanta,2024-02-23,24.0
621,Salma Adel,Cairo,2023-08-23,52.0
622,Nour Fathy,Cairo,2025-04-12,35.0
623,Khaled Ramzy,Alexandria,2023-11-07,33.0
624,Salma Adel,Giza,2025-03-23,56.0
625,Ahmed Fawzy,Mansoura,2023-12-23,21.0
626,Mohamed Said,Alexandria,2023-08-01,42.0
627,Khaled Abdallah,Giza,2024-07-27,49.0
628,Mona Mahmoud,Tanta,2023-02-18,57.0
629,Nour Mahmoud,Cairo,2023-05-07,30.0
630,Amr Mahmoud,Alexandria,2023-08-11,62.0
631,Fatma Ibrahim,Tanta,2023-10-06,34.0
632,Hana Abdallah,Suez,2024-02-12,54.0
633,Ahmed Hassan,Giza,2024-05-19,23.0
634,Youssef Hassan,Damietta,2023-10-21,36.0
635,Ali Fathy,Cairo,2025-03-06,30.0
636,Youssef Kamal,Giza,2023-10-04,43.0
637,Sara Said,Damietta,2024-03-13,31.0
638,Omar Kamal,Cairo,2023-04-17,48.0
639,Laila Ibrahim,Alexandria,2024-10-19,21.0
640,Sara Ibrahim,Alexandria,2024-02-24,56.0
641,Mohamed Fawzy,Cairo,2024-09-02,25.0
642,Salma Kamal,Alexandria,2024-03-04,42.0
643,Laila Said,Cairo,2024-01-10,30.0
644,Fatma Fawzy,Alexandria,2023-03-14,49.0
645,Sara Said,Cairo,2024-09-25,55.0
646,Fatma Abdallah,Suez,2023-01-30,
647,Fatma Abdallah,Damietta,2023-07-07,45.0
648,Khaled Hassan,Mansoura,2023-12-30,47.0
649,Amr Ramzy,Aswan,2025-05-15,
650,Ali Adel,Giza,2025-03-10,45.0
651,Sara Mahmoud,Cairo,2024-03-26,
652,Fatma Fathy,Damietta,2023-07-14,62.0
653,Laila Abdallah,Damietta,2023-06-05,51.0
654,Khaled Kamal,Tanta,2023-06-21,33.0
655,Hana Abdallah,Giza,2025-04-26,39.0
656,Fatma Abdallah,Cairo,2023-02-10,49.0
657,Mona Kamal,Alexandria,2023-03-04,55.0
658,Salma Ramzy,Alexandria,2023-01-23,25.0
659,Mohamed Said,Mansoura,2023-12-26,25.0
660,Nour Fawzy,Damietta,2023-03-16,23.0
661,Youssef Fawzy,Alexandria,2024-07-13,31.0
662,Ali Abdallah,Port Said,2024-11-02,49.0
663,Ahmed Kamal,Mansoura,2025-04-04,52.0
664,Ali Hassan,Cairo,2023-04-28,27.0
665,Laila Hassan,Cairo,2024-09-03,20.0
666,Laila Ramzy,Cairo,2024-01-15,29.0
667,Salma Abdallah,Cairo,2024-11-09,48.0
668,Amr Said,Cairo,2023-10-17,46.0
669,Laila Fathy,Cairo,2024-03-15,22.0
670,Mona Said,Alexandria,2024-10-29,42.0
671,Laila Abdallah,Cairo,2023-01-07,58.0
672,Khaled Ibrahim,Suez,2023-07-15,48.0
673,Khaled Mahmoud,Cairo,2024-02-25,38.0
674,Khaled Hassan,Damietta,2024-07-21,37.0
675,Ali Ramzy,Giza,2025-04-12,56.0
676,Ahmed Fawzy,Port Said,2023-07-12,
677,Youssef Ibrahim,Cairo,2024-07-12,21.0
678,Mohamed Abdallah,Alexandria,2023-05-28,30.0
679,Youssef Kamal,Port Said,2025-02-25,62.0
680,Sara Said,Luxor,2024-10-30,
681,Sara Adel,Aswan,2023-07-21,37.0
682,Youssef Adel,Alexandria,2024-03-19,30.0
683,Omar Abdallah,Cairo,2024-02-23,34.0
684,Salma Ibrahim,Mansoura,2024-03-02,53.0
685,Ali Ramzy,Suez,2024-04-23,50.0
686,Amr Abdallah,Damietta,2024-04-19,18.0
687,Hana Fathy,Damietta,2023-05-06,32.0
688,Amr Mahmoud,Alexandria,2024-01-30,30.0
689,Fatma Mahmoud,Aswan,2025-03-27,34.0
690,Sara Said,Cairo,2025-05-30,41.0
691,Salma Kamal,Alexandria,2025-03-16,25.0
692,Salma Adel,Giza,2024-07-29,44.0
693,Youssef Mahmoud,Giza,2023-11-21,62.0
694,Amr Kamal,Cairo,2024-01-27,40.0
695,Ahmed Abdallah,Cairo,2024-11-18,63.0
696,Omar Mahmoud,Mansoura,2024-09-19,25.0
697,Fatma Fathy,Alexandria,2024-03-15,25.0
698,Khaled Abdallah,Damietta,2023-07-23,43.0
699,Laila Kamal,Cairo,2024-04-30,64.0
700,Salma Fathy,Giza,2025-04-12,30.0
701,Mohamed Said,Damietta,2023-01-31,56.0
702,Fatma Hassan,Cairo,2024-01-23,54.0
703,Laila Adel,Alexandria,2024-09-16,45.0
704,Youssef Fawzy,Cairo,2025-05-26,42.0
705,Mona Mahmoud,Cairo,2024-03-09,33.0
706,Khaled Ramzy,Port Said,2025-04-16,19.0
707,Hana Abdallah,Alexandria,2024-01-11,35.0
708,Khaled Kamal,Aswan,2023-12-10,34.0
709,Mohamed Ibrahim,Alexandria,2024-03-18,47.0
710,Ahmed Hassan,Tanta,2024-08-01,56.0
711,Ali Ramzy,Aswan,2023-03-16,30.0
712,Mohamed Mahmoud,Damietta,2024-07-10,49.0
713,Mona Adel,Giza,2025-02-10,46.0
714,Sara Kamal,Giza,2024-10-27,
715,Fatma Fathy,Alexandria,2023-06-04,47.0
716,Khaled Adel,Suez,2024-03-05,35.0
717,Nour Fawzy,Luxor,2023-12-29,30.0
718,Hana Ibrahim,Port Said,2024-03-23,60.0
719,Nour Mahmoud,Cairo,2023-08-22,38.0
720,Salma Ramzy,Tanta,2024-07-16,47.0
721,Laila Kamal,Suez,2025-03-28,38.0
722,Ali Hassan,Cairo,2023-09-19,
723,Hana Fathy,Cairo,2025-04-06,57.0
724,Mona Ramzy,Tanta,2023-05-05,36.0
725,Fatma Said,Damietta,2023-09-02,32.0
726,Salma Fathy,Luxor,2024-06-25,26.0
727,Mohamed Fathy,Cairo,2024-04-29,27.0
728,Omar Fathy,Aswan,2023-05-02,61.0
729,Ahmed Kamal,Cairo,2023-05-05,48.0
730,Ali Said,Cairo,2024-07-02,40.0
731,Mohamed Ramzy,Cairo,2023-06-19,47.0
732,Mohamed Said,Aswan,2023-05-04,50.0
733,Khaled Fawzy,Mansoura,2025-05-18,26.0
734,Ahmed Hassan,Damietta,2023-02-04,
735,Amr Fathy,Alexandria,2023-03-28,18.0
736,Mona Ibrahim,Luxor,2024-10-07,61.0
737,Amr Fawzy,Alexandria,2024-12-08,52.0
738,Mona Mahmoud,Aswan,2025-02-24,28.0
739,Salma Adel,Giza,2023-07-20,51.0
740,Mona Fawzy,Alexandria,2024-01-04,33.0
741,Mona Said,Giza,2025-03-07,26.0
742,Youssef Ibrahim,Alexandria,2023-03-18,49.0
743,Amr Fawzy,Tanta,2023-02-28,32.0
744,Ahmed Abdallah,Giza,2024-03-06,29.0
745,Salma Ibrahim,Cairo,2024-09-29,50.0
746,Sara Adel,Suez,2024-05-14,62.0
747,Ali Ibrahim,Alexandria,2023-04-19,31.0
748,Mohamed Hassan,Damietta,2025-01-05,25.0
749,Sara Hassan,Suez,2023-10-05,25.0
750,Youssef Said,Mansoura,2023-03-09,44.0
751,Laila Fathy,Cairo,2023-03-10,29.0
752,Ahmed Ibrahim,Suez,2023-06-14,18.0
753,Ali Hassan,Mansoura,2024-05-03,60.0
754,Sara Kamal,Alexandria,2023-11-01,57.0
755,Omar Mahmoud,Cairo,2024-11-04,
756,Hana Mahmoud,Aswan,2023-12-31,28.0
757,Fatma Ramzy,Mansoura,2025-05-03,56.0
758,Amr Fathy,Damietta,2025-03-31,60.0
759,Omar Fawzy,Suez,2024-01-14,48.0
760,Mohamed Ramzy,Aswan,2023-12-09,34.0
761,Omar Said,Cairo,2025-06-17,50.0
762,Laila Hassan,Alexandria,2024-07-07,49.0
763,Hana Adel,Cairo,2023-12-20,46.0
764,Ali Ramzy,Tanta,2024-02-20,38.0
765,Khaled Hassan,Cairo,2023-04-19,38.0
766,Ahmed Ramzy,Damietta,2024-07-16,57.0
767,Salma Kamal,Aswan,2025-01-31,40.0
768,Nour Mahmoud,Luxor,2024-05-11,23.0
769,Fatma Ramzy,Alexandria,2023-12-07,39.0
770,Mohamed Mahmoud,Luxor,2024-01-18,55.0
771,Youssef Fawzy,Cairo,2024-06-16,54.0
772,Sara Mahmoud,Luxor,2023-10-27,62.0
773,Sara Abdallah,Cairo,2023-05-19,25.0
774,Laila Fawzy,Alexandria,2023-12-25,58.0
775,Omar Fathy,Aswan,2025-04-15,52.0
776,Nour Fawzy,Cairo,2024-05-13,28.0
777,Omar Abdallah,Cairo,2024-01-20,41.0
778,Fatma Adel,Tanta,2024-08-26,38.0
779,Laila Kamal,Tanta,2023-10-07,19.0
780,Mohamed Mahmoud,Mansoura,2024-09-28,57.0
781,Salma Adel,Tanta,2024-04-27,36.0
782,Hana Said,Damietta,2023-04-21,
783,Nour Ramzy,Alexandria,2025-05-15,45.0
784,Mona Kamal,Alexandria,2023-05-19,34.0
785,Youssef Ramzy,Cairo,2024-03-10,23.0
786,Nour Kamal,Suez,2024-05-23,
787,Hana Mahmoud,Damietta,2023-09-30,55.0
788,Youssef Kamal,Giza,2023-04-09,45.0
789,Youssef Abdallah,Giza,2025-02-02,19.0
790,Youssef Ibrahim,Port Said,2025-04-29,55.0
791,Khaled Ramzy,Cairo,2023-04-14,54.0
792,Mohamed Mahmoud,Damietta,2023-08-02,21.0
793,Salma Mahmoud,Giza,2025-01-30,39.0
794,Mohamed Kamal,Mansoura,2024-10-25,43.0
795,Mohamed Fathy,Cairo,2025-01-31,60.0
796,Amr Ibrahim,Luxor,2025-02-25,53.0
797,Omar Hassan,Suez,2023-06-14,30.0
798,Laila Adel,Damietta,2025-05-02,49.0
799,Omar Fathy,Tanta,2024-06-03,34.0
800,Khaled Mahmoud,Suez,2023-10-11,58.0
801,Nour Fathy,Tanta,2024-05-31,53.0
802,Salma Kamal,Cairo,2024-10-18,63.0
803,Salma Hassan,Damietta,2024-09-04,36.0
804,Ali Fawzy,Mansoura,2023-06-13,52.0
805,Ali Fathy,Giza,2025-06-04,63.0
806,Mohamed Fawzy,Tanta,2024-10-20,57.0
807,Omar Said,Suez,2023-03-05,45.0
808,Sara Ramzy,Suez,2023-04-01,
809,Mona Mahmoud,Giza,2023-04-27,59.0
810,Youssef Adel,Cairo,2025-05-15,35.0
811,Youssef Mahmoud,Port Said,2023-09-24,57.0
812,Amr Abdallah,Luxor,2025-04-01,50.0
813,Laila Said,Cairo,2024-11-15,29.0
814,Amr Kamal,Suez,2024-07-12,25.0
815,Salma Adel,Luxor,2023-05-20,41.0
816,Amr Fawzy,Giza,2023-09-03,33.0
817,Laila Adel,Damietta,2024-10-22,21.0
818,Ahmed Fawzy,Alexandria,2025-01-27,55.0
819,Khaled Abdallah,Cairo,2024-01-30,61.0
820,Ahmed Ibrahim,Alexandria,2024-05-01,44.0
821,Ali Abdallah,Aswan,2024-04-20,26.0
822,Youssef Fathy,Cairo,2024-05-31,64.0
823,Ahmed Ibrahim,Alexandria,2023-07-03,33.0
824,Salma Ibrahim,Alexandria,2023-01-20,29.0
825,Laila Kamal,Damietta,2024-07-11,48.0
826,Mohamed Ibrahim,Suez,2024-06-07,41.0
827,Hana Hassan,Alexandria,2024-08-04,31.0
828,Mohamed Adel,Alexandria,2024-06-12,62.0
829,Mona Kamal,Tanta,2025-06-01,42.0
830,Nour Ramzy,Giza,2023-05-27,51.0
831,Youssef Ibrahim,Cairo,2024-10-27,20.0
832,Youssef Abdallah,Giza,2023-10-31,41.0
833,Hana Fathy,Cairo,2024-09-11,59.0
834,Amr Fawzy,Cairo,2025-01-17,26.0
835,Laila Mahmoud,Giza,2025-03-30,
836,Ahmed Ibrahim,Giza,2025-05-13,37.0
837,Sara Fawzy,Suez,2024-08-04,57.0
838,Ahmed Mahmoud,Alexandria,2024-11-25,27.0
839,Ali Ramzy,Damietta,2025-01-31,36.0
840,Khaled Kamal,Mansoura,2023-08-16,20.0
841,Fatma Fawzy,Cairo,2023-04-12,41.0
842,Fatma Kamal,Mansoura,2024-08-09,22.0
843,Ali Said,Cairo,2024-02-21,20.0
844,Amr Adel,Port Said,2023-08-04,44.0
845,Mohamed Fathy,Cairo,2024-02-11,33.0
846,Nour Mahmoud,Giza,2024-02-03,32.0
847,Ali Fawzy,Cairo,2024-12-15,52.0
848,Fatma Adel,Port Said,2024-12-04,29.0
849,Khaled Abdallah,Giza,2025-01-30,58.0
850,Ahmed Said,Damietta,2024-05-13,61.0
851,Nour Fawzy,Cairo,2025-01-23,43.0
852,Ahmed Hassan,Tanta,2024-04-09,64.0
853,Mona Abdallah,Cairo,2024-11-21,51.0
854,Mona Ibrahim,Suez,2024-12-31,40.0
855,Amr Abdallah,Cairo,2023-03-23,48.0
856,Ali Fathy,Cairo,2024-08-26,37.0
857,Mohamed Hassan,Cairo,2024-11-17,29.0
858,Fatma Kamal,Giza,2025-01-20,40.0
859,Sara Ibrahim,Damietta,2025-02-10,21.0
860,Nour Adel,Cairo,2023-12-31,40.0
861,Hana Said,Aswan,2023-06-12,18.0
862,Omar Adel,Giza,2023-02-17,42.0
863,Salma Fathy,Damietta,2024-05-25,19.0
864,Mohamed Kamal,Giza,2023-11-25,47.0
865,Salma Hassan,Giza,2025-04-19,20.0
866,Nour Hassan,Damietta,2023-04-26,38.0
867,Fatma Mahmoud,Cairo,2025-04-28,42.0
868,Salma Fathy,Cairo,2023-12-03,37.0
869,Laila Kamal,Luxor,2025-05-30,39.0
870,Laila Kamal,Port Said,2025-01-06,38.0
871,Hana Kamal,Alexandria,2025-05-13,50.0
872,Ali Mahmoud,Alexandria,2025-04-19,55.0
873,Nour Hassan,Mansoura,2023-05-27,32.0
874,Youssef Ibrahim,Giza,2024-07-28,63.0
875,Amr Fawzy,Cairo,2025-03-16,32.0
876,Fatma Fathy,Cairo,2023-11-19,63.0
877,Mohamed Kamal,Tanta,2024-03-18,42.0
878,Salma Mahmoud,Mansoura,2025-04-16,38.0
879,Mona Kamal,Cairo,2023-01-13,41.0
880,Laila Kamal,Cairo,2024-05-08,22.0
881,Omar Mahmoud,Cairo,2024-12-01,23.0
882,Nour Abdallah,Mansoura,2023-10-14,60.0
883,Hana Fathy,Cairo,2024-12-20,61.0
884,Mona Fathy,Cairo,2023-04-24,64.0
885,Amr Ibrahim,Aswan,2024-04-24,40.0
886,Mohamed Adel,Cairo,2023-01-22,21.0
887,Khaled Mahmoud,Mansoura,2023-12-15,44.0
888,Omar Adel,Cairo,2024-12-26,35.0
889,Mona Fathy,Cairo,2024-11-13,38.0
890,Youssef Ibrahim,Cairo,2025-04-14,45.0
891,Mona Mahmoud,Tanta,2024-07-19,52.0
892,Sara Abdallah,Luxor,2025-03-20,39.0
893,Mona Ibrahim,Luxor,2023-11-16,57.0
894,Laila Ibrahim,Alexandria,2023-05-06,40.0
895,Amr Mahmoud,Mansoura,2023-10-04,20.0
896,Sara Ramzy,Cairo,2023-07-23,57.0
897,Fatma Fawzy,Alexandria,2023-07-13,27.0
898,Amr Fawzy,Suez,2024-11-11,42.0
899,Fatma Fawzy,Cairo,2024-10-25,25.0
900,Khaled Fawzy,Cairo,2024-06-30,28.0
901,Youssef Fathy,Cairo,2024-11-26,22.0
902,Sara Ramzy,Cairo,2023-10-13,62.0
903,Mohamed Ramzy,Cairo,2023-02-26,54.0
904,Fatma Abdallah,Damietta,2025-01-03,
905,Amr Abdallah,Giza,2023-10-30,55.0
906,Laila Hassan,Suez,2023-06-12,46.0
907,Youssef Adel,Aswan,2023-01-19,
908,Mohamed Abdallah,Alexandria,2024-01-05,26.0
909,Fatma Ramzy,Alexandria,2023-09-21,19.0
910,Ahmed Hassan,Alexandria,2025-03-04,18.0
911,Youssef Abdallah,Damietta,2023-04-23,57.0
912,Mohamed Mahmoud,Alexandria,2024-05-02,47.0
913,Laila Fawzy,Mansoura,2023-11-23,28.0
914,Omar Kamal,Giza,2024-06-25,45.0
915,Fatma Fawzy,Damietta,2024-10-08,61.0
916,Omar Hassan,Giza,2024-08-01,29.0
917,Fatma Fawzy,Alexandria,2023-03-06,56.0
918,Khaled Said,Port Said,2023-10-19,43.0
919,Youssef Fawzy,Aswan,2023-01-25,30.0
920,Fatma Adel,Cairo,2024-07-02,25.0
921,Sara Hassan,Luxor,2023-01-01,45.0
922,Fatma Mahmoud,Giza,2024-07-02,47.0
923,Amr Fathy,Suez,2023-05-21,26.0
924,Hana Mahmoud,Aswan,2025-01-13,56.0
925,Omar Ibrahim,Giza,2024-10-09,48.0
926,Ahmed Said,Cairo,2023-07-07,
927,Hana Ramzy,Alexandria,2023-05-08,64.0
928,Fatma Adel,Damietta,2023-07-20,51.0
929,Omar Fawzy,Mansoura,2023-05-07,48.0
930,Sara Fathy,Alexandria,2023-09-14,42.0
931,Youssef Abdallah,Cairo,2024-11-06,29.0
932,Nour Kamal,Luxor,2024-06-30,18.0
933,Amr Fathy,Port Said,2023-07-13,39.0
934,Khaled Fawzy,Damietta,2024-12-03,57.0
935,Ahmed Fathy,Cairo,2023-04-14,54.0
936,Mohamed Fathy,Alexandria,2024-06-18,64.0
937,Mohamed Adel,Cairo,2023-09-22,
938,Khaled Kamal,Suez,2025-03-12,18.0
939,Ali Abdallah,Cairo,2024-01-19,59.0
940,Hana Fawzy,Damietta,2023-09-17,
941,Salma Ibrahim,Alexandria,2024-02-18,38.0
942,Youssef Mahmoud,Damietta,2023-12-24,32.0
943,Laila Ibrahim,Mansoura,2023-03-16,34.0
944,Youssef Abdallah,Luxor,2023-12-21,39.0
945,Khaled Kamal,Cairo,2024-08-06,55.0
946,Sara Fawzy,Cairo,2025-02-09,52.0
947,Hana Mahmoud,Cairo,2023-07-07,62.0
948,Ali Adel,Suez,2024-11-15,33.0
949,Nour Fathy,Luxor,2023-10-17,
950,Salma Ibrahim,Damietta,2023-02-14,64.0
951,Khaled Adel,Mansoura,2024-07-26,34.0
952,Mohamed Kamal,Mansoura,2023-03-24,34.0
953,Omar Fathy,Cairo,2023-05-03,43.0
954,Ahmed Fathy,Suez,2023-12-24,30.0
955,Ali Ibrahim,Giza,2024-06-11,34.0
956,Mona Fathy,Alexandria,2023-03-07,55.0
957,Amr Ramzy,Giza,2024-10-18,34.0
958,Mona Said,Cairo,2024-01-10,31.0
959,Sara Ibrahim,Cairo,2023-06-11,62.0
960,Mohamed Abdallah,Tanta,2025-01-15,23.0
961,Salma Mahmoud,Cairo,2024-01-15,52.0
962,Omar Adel,Mansoura,2024-10-17,63.0
963,Salma Adel,Cairo,2023-12-24,31.0
964,Ahmed Fathy,Alexandria,2023-07-07,64.0
965,Amr Fawzy,Alexandria,2023-11-18,25.0
966,Sara Fawzy,Alexandria,2024-03-25,32.0
967,Nour Ibrahim,Tanta,2024-04-18,44.0
968,Sara Ibrahim,Alexandria,2023-01-13,30.0
969,Salma Fawzy,Damietta,2023-07-03,48.0
970,Amr Ibrahim,Giza,2023-04-21,52.0
971,Hana Ramzy,Mansoura,2024-05-22,23.0
972,Ahmed Kamal,Suez,2023-10-17,22.0
973,Youssef Said,Tanta,2023-10-22,39.0
974,Fatma Fawzy,Cairo,2024-03-26,40.0
975,Ali Ramzy,Cairo,2023-08-03,42.0
976,Mona Adel,Alexandria,2024-09-23,51.0
977,Mona Abdallah,Damietta,2025-06-12,43.0
978,Amr Ramzy,Cairo,2024-07-20,64.0
979,Salma Said,Giza,2023-01-27,22.0
980,Youssef Fawzy,Damietta,2024-09-21,43.0
981,Fatma Ramzy,Alexandria,2025-01-02,37.0
982,Amr Abdallah,Aswan,2023-08-19,23.0
983,Amr Kamal,Cairo,2024-07-18,23.0
984,Omar Adel,Cairo,2025-03-17,35.0
985,Nour Ibrahim,Tanta,2023-11-17,21.0
986,Salma Said,Giza,2023-08-21,34.0
987,Amr Fawzy,Tanta,2024-10-31,31.0
988,Sara Abdallah,Giza,2024-03-12,31.0
989,Ahmed Ramzy,Cairo,2025-02-19,30.0
990,Salma Fathy,Aswan,2024-06-16,24.0
991,Omar Mahmoud,Aswan,2024-02-07,61.0
992,Hana Adel,Tanta,2023-02-22,32.0
993,Salma Mahmoud,Alexandria,2025-02-25,36.0
994,Ali Mahmoud,Damietta,2023-11-09,
995,Amr Ibrahim,Alexandria,2023-10-08,64.0
996,Ali Ramzy,Cairo,2024-12-26,61.0
997,Omar Ibrahim,Suez,2023-01-31,52.0
998,Salma Kamal,Cairo,2023-12-03,34.0
999,Mohamed Said,Port Said,2023-07-02,52.0
1000,Salma Ramzy,Giza,2023-01-23,36.0
1001,Youssef Hassan,Cairo,2024-06-27,37.0
1002,Nour Hassan,Damietta,2024-03-21,53.0
1003,Nour Adel,Luxor,2023-03-15,
1004,Youssef Said,Tanta,2023-01-10,49.0
1005,Nour Mahmoud,Aswan,2024-04-28,61.0
1006,Youssef Said,Mansoura,2024-03-31,57.0
1007,Ahmed Fathy,Tanta,2024-07-19,41.0
1008,Mohamed Fathy,Luxor,2024-07-17,34.0
1009,Amr Ibrahim,Cairo,2024-10-21,24.0
1010,Sara Hassan,Giza,2023-06-09,60.0
1011,Ali Ramzy,Cairo,2025-05-31,18.0
1012,Hana Ibrahim,Port Said,2023-01-14,52.0
1013,Amr Ramzy,Port Said,2023-06-27,49.0
1014,Fatma Fawzy,Cairo,2024-02-16,53.0
1015,Ahmed Mahmoud,Tanta,2025-05-27,30.0
1016,Ahmed Abdallah,Suez,2023-02-22,23.0
1017,Mona Ibrahim,Cairo,2024-02-12,31.0
1018,Omar Fawzy,Damietta,2025-04-26,54.0
1019,Omar Kamal,Suez,2023-01-22,32.0
1020,Mohamed Abdallah,Cairo,2023-01-30,64.0
1021,Mona Abdallah,Tanta,2024-12-03,21.0
1022,Mohamed Hassan,Alexandria,2023-09-17,57.0
1023,Mona Kamal,Suez,2023-07-24,33.0
1024,Khaled Fawzy,Port Said,2023-02-28,45.0
1025,Fatma Mahmoud,Port Said,2024-04-15,33.0
1026,Mohamed Ramzy,Giza,2025-02-14,21.0
1027,Laila Adel,Luxor,2024-04-10,62.0
1028,Ahmed Adel,Luxor,2023-01-12,43.0
1029,Laila Said,Alexandria,2024-09-22,45.0
1030,Hana Ibrahim,Luxor,2023-10-17,49.0
1031,Ali Kamal,Cairo,2025-04-29,62.0
1032,Ahmed Fawzy,Damietta,2025-01-29,19.0
1033,Youssef Said,Cairo,2023-12-20,48.0
1034,Laila Kamal,Cairo,2024-09-30,20.0
1035,Sara Mahmoud,Cairo,2023-03-16,
1036,Omar Fathy,Tanta,2025-05-22,41.0
1037,Mohamed Adel,Alexandria,2024-12-16,32.0
1038,Omar Adel,Tanta,2024-07-14,60.0
1039,Amr Adel,Cairo,2024-08-13,48.0
1040,Omar Hassan,Alexandria,2024-03-16,26.0
1041,Nour Ramzy,Damietta,2023-08-29,56.0
1042,Ahmed Kamal,Aswan,2025-05-10,62.0
1043,Youssef Abdallah,Alexandria,2023-06-03,19.0
1044,Hana Hassan,Mansoura,2025-02-24,25.0
1045,Youssef Mahmoud,Suez,2023-04-06,24.0
1046,Youssef Said,Mansoura,2024-12-26,61.0
1047,Hana Mahmoud,Cairo,2023-10-21,56.0
1048,Amr Fawzy,Cairo,2023-07-28,59.0
1049,Hana Fathy,Luxor,2023-12-09,33.0
1050,Sara Hassan,Cairo,2023-03-29,52.0
1051,Youssef Adel,Luxor,2025-03-28,47.0
1052,Youssef Ibrahim,Damietta,2025-02-14,27.0
1053,Salma Ramzy,Suez,2024-01-25,55.0
1054,Hana Ramzy,Aswan,2023-11-21,
1055,Khaled Ibrahim,Port Said,2025-06-07,22.0
1056,Amr Ibrahim,Alexandria,2025-04-11,46.0
1057,Mohamed Ramzy,Aswan,2023-06-06,56.0
1058,Ahmed Abdallah,Giza,2024-10-29,51.0
1059,Mona Hassan,Giza,2024-10-12,60.0
1060,Amr Said,Mansoura,2024-09-24,62.0
1061,Ahmed Fathy,Luxor,2024-07-30,
1062,Ali Adel,Port Said,2024-09-10,22.0
1063,Nour Adel,Aswan,2024-10-20,47.0
1064,Fatma Abdallah,Giza,2023-05-17,23.0
1065,Ahmed Said,Giza,2024-11-04,63.0
1066,Ali Fathy,Tanta,2024-03-03,61.0
1067,Salma Hassan,Cairo,2024-03-27,21.0
1068,Salma Fathy,Cairo,2024-09-03,46.0
1069,Ali Mahmoud,Alexandria,2025-04-29,40.0
1070,Amr Fathy,Alexandria,2025-03-29,23.0
1071,Nour Kamal,Alexandria,2023-05-21,49.0
1072,Hana Ramzy,Cairo,2023-03-24,59.0
1073,Nour Fathy,Cairo,2023-06-26,35.0
1074,Sara Ramzy,Cairo,2023-07-17,32.0
1075,Hana Ramzy,Port Said,2024-09-15,57.0
1076,Youssef Adel,Giza,2024-07-21,
1077,Ali Mahmoud,Alexandria,2024-11-21,26.0
1078,Hana Kamal,Mansoura,2024-02-25,54.0
1079,Mohamed Kamal,Cairo,2024-02-05,27.0
1080,Laila Ibrahim,Port Said,2024-11-28,37.0
1081,Omar Abdallah,Aswan,2024-04-15,23.0
1082,Youssef Mahmoud,Cairo,2023-08-06,20.0
1083,Mohamed Fathy,Giza,2025-04-07,59.0
1084,Khaled Abdallah,Luxor,2024-12-29,28.0
1085,Ali Ramzy,Port Said,2024-09-23,60.0
1086,Laila Kamal,Giza,2023-06-24,
1087,Sara Ramzy,Mansoura,2023-01-23,49.0
1088,Youssef Ramzy,Cairo,2024-12-25,21.0
1089,Ahmed Fathy,Port Said,2023-08-23,21.0
1090,Laila Kamal,Cairo,2023-01-13,34.0
1091,Ali Hassan,Port Said,2023-04-11,58.0
1092,Mohamed Kamal,Mansoura,2024-06-19,36.0
1093,Youssef Adel,Mansoura,2025-05-25,22.0
1094,Amr Ibrahim,Giza,2024-06-06,49.0
1095,Ahmed Ibrahim,Cairo,2025-02-23,39.0
1096,Salma Fawzy,Cairo,2024-03-27,23.0
1097,Khaled Ramzy,Cairo,2024-03-06,52.0
1098,Ahmed Ibrahim,Cairo,2025-03-03,39.0
1099,Mohamed Said,Aswan,2024-08-28,18.0
1100,Amr Fathy,Alexandria,2024-12-13,37.0
1101,Youssef Kamal,Cairo,2024-06-16,39.0
1102,Laila Hassan,Port Said,2025-05-01,28.0
1103,Laila Ibrahim,Suez,2024-12-23,30.0
1104,Khaled Ramzy,Suez,2024-10-13,59.0
1105,Youssef Fathy,Port Said,2023-10-20,20.0
1106,Fatma Mahmoud,Cairo,2025-03-20,26.0
1107,Laila Ibrahim,Alexandria,2023-04-11,29.0
1108,Omar Fathy,Tanta,2024-05-16,
1109,Nour Fathy,Tanta,2023-10-31,31.0
1110,Khaled Abdallah,Cairo,2025-05-20,50.0
1111,Mona Mahmoud,Aswan,2024-06-23,35.0
1112,Ahmed Ibrahim,Cairo,2024-07-06,58.0
1113,Fatma Adel,Cairo,2023-12-21,26.0
1114,Nour Adel,Damietta,2023-10-30,40.0
1115,Mohamed Abdallah,Damietta,2024-05-10,27.0
1116,Amr Abdallah,Damietta,2024-10-19,36.0
1117,Hana Ramzy,Cairo,2025-02-06,64.0
1118,Mona Fawzy,Luxor,2023-08-15,22.0
1119,Ali Ramzy,Alexandria,2023-08-24,64.0
1120,Mona Mahmoud,Cairo,2025-05-22,40.0
1121,Sara Mahmoud,Suez,2025-06-10,47.0
1122,Fatma Ibrahim,Port Said,2024-03-30,42.0
1123,Hana Ramzy,Luxor,2023-01-13,45.0
1124,Mohamed Fathy,Aswan,2023-07-29,51.0
1125,Khaled Fathy,Mansoura,2025-01-10,62.0
1126,Hana Mahmoud,Damietta,2024-02-01,64.0
1127,Omar Adel,Cairo,2023-04-10,42.0
1128,Ali Abdallah,Giza,2023-01-31,27.0
1129,Salma Ibrahim,Alexandria,2025-06-16,31.0
1130,Hana Ibrahim,Alexandria,2024-06-11,59.0
1131,Amr Fathy,Tanta,2024-10-10,
1132,Omar Said,Giza,2023-11-25,47.0
1133,Mohamed Said,Cairo,2023-06-15,58.0
1134,Amr Ibrahim,Cairo,2024-04-03,42.0
1135,Mona Ramzy,Tanta,2025-04-01,31.0
1136,Ahmed Fathy,Cairo,2023-04-10,52.0
1137,Omar Fawzy,Luxor,2024-09-12,51.0
1138,Youssef Ramzy,Giza,2025-05-04,27.0
1139,Amr Adel,Giza,2023-06-22,52.0
1140,Sara Fawzy,Damietta,2025-01-18,28.0
1141,Mohamed Mahmoud,Luxor,2023-06-11,28.0
1142,Ali Kamal,Alexandria,2024-12-28,38.0
1143,Hana Ramzy,Mansoura,2025-02-14,38.0
1144,Omar Kamal,Damietta,2023-09-20,39.0
1145,Amr Kamal,Alexandria,2025-03-14,62.0
1146,Salma Fawzy,Luxor,2023-10-01,24.0
1147,Mohamed Ibrahim,Aswan,2023-01-03,34.0
1148,Youssef Mahmoud,Mansoura,2023-01-28,19.0
1149,Fatma Ramzy,Luxor,2023-11-22,29.0
1150,Khaled Adel,Luxor,2023-05-29,59.0
1151,Youssef Ibrahim,Tanta,2024-06-23,35.0
1152,Salma Adel,Luxor,2024-05-02,28.0
1153,Khaled Fawzy,Tanta,2025-04-01,33.0
1154,Sara Ibrahim,Tanta,2024-03-13,35.0
1155,Nour Adel,Mansoura,2023-03-06,52.0
1156,Salma Hassan,Tanta,2023-12-22,43.0
1157,Salma Mahmoud,Cairo,2024-06-16,33.0
1158,Omar Ibrahim,Suez,2023-09-09,23.0
1159,Ali Ibrahim,Luxor,2023-08-23,
1160,Sara Fathy,Cairo,2023-08-15,60.0
1161,Hana Said,Luxor,2024-06-08,64.0
1162,Youssef Adel,Cairo,2023-11-09,64.0
1163,Ali Mahmoud,Alexandria,2023-02-18,
1164,Ali Said,Tanta,2023-04-28,29.0
1165,Khaled Adel,Cairo,2023-02-23,30.0
1166,Ali Ibrahim,Aswan,2024-10-11,21.0
1167,Khaled Abdallah,Luxor,2024-07-18,56.0
1168,Laila Adel,Giza,2023-02-13,19.0
1169,Mohamed Adel,Cairo,2025-03-25,43.0
1170,Khaled Ibrahim,Alexandria,2023-02-22,44.0
1171,Laila Fawzy,Mansoura,2024-08-08,44.0
1172,Sara Ibrahim,Port Said,2024-07-11,32.0
1173,Khaled Fawzy,Mansoura,2024-06-08,25.0
1174,Hana Fawzy,Alexandria,2024-11-07,24.0
1175,Youssef Fawzy,Mansoura,2023-04-12,64.0
1176,Ahmed Hassan,Damietta,2025-03-02,63.0
1177,Mohamed Hassan,Aswan,2025-02-08,57.0
1178,Khaled Fawzy,Cairo,2025-04-28,29.0
1179,Ali Said,Aswan,2025-05-17,30.0
1180,Amr Fawzy,Damietta,2024-02-02,60.0
1181,Nour Fawzy,Port Said,2023-05-18,34.0
1182,Khaled Hassan,Alexandria,2024-11-05,34.0
1183,Fatma Adel,Mansoura,2024-01-22,53.0
1184,Ali Abdallah,Suez,2023-04-21,38.0
1185,Fatma Said,Cairo,2024-09-05,25.0
1186,Amr Kamal,Suez,2023-01-17,22.0
1187,Ali Ramzy,Tanta,2025-02-18,
1188,Mohamed Hassan,Cairo,2023-07-01,33.0
1189,Sara Ramzy,Alexandria,2025-06-02,53.0
1190,Nour Ramzy,Tanta,2024-06-19,45.0
1191,Fatma Said,Cairo,2024-06-24,46.0
1192,Youssef Fawzy,Damietta,2023-06-20,64.0
1193,Sara Fathy,Alexandria,2024-02-13,29.0
1194,Salma Fathy,Mansoura,2025-01-09,54.0
1195,Hana Fathy,Cairo,2024-01-13,47.0
1196,Nour Ibrahim,Luxor,2023-07-07,40.0
1197,Amr Fathy,Port Said,2025-05-07,33.0
1198,Omar Adel,Port Said,2023-08-18,
1199,Mohamed Fathy,Tanta,2025-04-12,27.0
1200,Mona Ramzy,Cairo,2025-05-01,24.0
1201,Mohamed Abdallah,Tanta,2023-04-29,62.0
1202,Fatma Said,Cairo,2023-06-05,54.0
1203,Sara Mahmoud,Cairo,2025-02-22,46.0
1204,Ahmed Abdallah,Alexandria,2024-11-17,20.0
1205,Nour Fawzy,Giza,2024-04-09,32.0
1206,Nour Said,Aswan,2023-04-14,53.0
1207,Salma Ibrahim,Tanta,2024-08-26,64.0
1208,Salma Fathy,Giza,2024-11-28,63.0
1209,Laila Fathy,Alexandria,2025-03-05,36.0
1210,Mona Ibrahim,Port Said,2024-05-16,30.0
1211,Fatma Adel,Giza,2024-11-23,59.0
1212,Fatma Ramzy,Giza,2024-11-12,38.0
1213,Ali Ramzy,Cairo,2024-11-29,54.0
1214,Ahmed Mahmoud,Aswan,2023-06-24,44.0
1215,Nour Adel,Tanta,2025-01-03,46.0
1216,Fatma Said,Cairo,2025-01-14,37.0
1217,Mona Fawzy,Cairo,2024-11-04,42.0
1218,Youssef Hassan,Tanta,2024-02-25,23.0
1219,Ahmed Abdallah,Mansoura,2023-05-14,53.0
1220,Fatma Fawzy,Alexandria,2024-01-26,19.0
1221,Salma Ramzy,Port Said,2025-01-05,39.0
1222,Ali Adel,Cairo,2024-05-15,49.0
1223,Ahmed Mahmoud,Giza,2024-10-26,33.0
1224,Nour Ibrahim,Port Said,2023-02-02,35.0
1225,Ali Fathy,Giza,2023-02-24,22.0
1226,Amr Kamal,Mansoura,2024-06-02,53.0
1227,Youssef Hassan,Alexandria,2025-01-25,47.0
1228,Nour Hassan,Alexandria,2025-04-04,62.0
1229,Laila Adel,Port Said,2024-09-29,36.0
1230,Mona Fathy,Giza,2023-01-12,40.0
1231,Omar Abdallah,Suez,2024-06-11,51.0
1232,Mohamed Kamal,Cairo,2024-12-20,30.0
1233,Omar Ramzy,Cairo,2024-07-08,60.0
1234,Amr Adel,Cairo,2024-01-08,46.0
1235,Ali Fawzy,Mansoura,2024-04-28,53.0
1236,Khaled Fawzy,Alexandria,2024-10-08,39.0
1237,Mohamed Ibrahim,Luxor,2023-08-16,64.0
1238,Mohamed Kamal,Giza,2024-09-14,53.0
1239,Youssef Fathy,Port Said,2023-11-03,26.0
1240,Omar Fathy,Cairo,2024-04-01,56.0
1241,Amr Ibrahim,Luxor,2023-06-09,36.0
1242,Mona Fawzy,Aswan,2023-11-27,55.0
1243,Omar Kamal,Aswan,2025-02-14,23.0
1244,Omar Hassan,Luxor,2023-08-13,64.0
1245,Ahmed Hassan,Aswan,2024-12-29,32.0
1246,Sara Fathy,Mansoura,2024-05-18,37.0
1247,Amr Ramzy,Cairo,2024-03-31,26.0
1248,Omar Ramzy,Cairo,2023-02-14,49.0
1249,Sara Fawzy,Suez,2023-08-02,21.0
1250,Omar Ibrahim,Mansoura,2023-02-28,35.0
1251,Youssef Fawzy,Aswan,2024-10-05,22.0
1252,Youssef Ibrahim,Giza,2024-09-07,37.0
1253,Nour Fawzy,Cairo,2023-07-14,40.0
1254,Hana Abdallah,Cairo,2024-05-03,28.0
1255,Laila Fathy,Tanta,2023-06-06,54.0
1256,Omar Adel,Giza,2024-09-01,39.0
1257,Omar Ramzy,Cairo,2023-08-14,21.0
1258,Hana Fawzy,Giza,2024-02-16,46.0
1259,Ali Ramzy,Cairo,2023-07-24,61.0
1260,Salma Hassan,Damietta,2023-03-20,51.0
1261,Youssef Fathy,Alexandria,2023-05-04,30.0
1262,Khaled Mahmoud,Aswan,2024-04-15,59.0
1263,Nour Fawzy,Alexandria,2023-08-06,26.0
1264,Ali Hassan,Giza,2024-05-30,59.0
1265,Laila Ramzy,Cairo,2024-08-24,48.0
1266,Ali Fawzy,Cairo,2023-04-14,24.0
1267,Laila Said,Alexandria,2024-01-28,21.0
1268,Hana Hassan,Giza,2024-09-22,36.0
1269,Laila Ramzy,Mansoura,2024-10-06,59.0
1270,Sara Adel,Alexandria,2025-04-03,47.0
1271,Khaled Fawzy,Tanta,2024-08-30,48.0
1272,Amr Kamal,Luxor,2024-03-09,52.0
1273,Sara Said,Aswan,2023-11-27,38.0
1274,Ahmed Fawzy,Cairo,2023-05-23,
1275,Hana Mahmoud,Giza,2025-03-10,36.0
1276,Mona Hassan,Cairo,2024-06-23,48.0
1277,Fatma Fathy,Cairo,2023-10-05,49.0
1278,Nour Ibrahim,Port Said,2023-08-21,19.0
1279,Nour Said,Cairo,2024-06-12,27.0
1280,Nour Adel,Giza,2024-07-24,19.0
1281,Amr Fawzy,Mansoura,2023-03-31,19.0
1282,Fatma Hassan,Tanta,2024-05-06,41.0
1283,Hana Ibrahim,Damietta,2023-07-18,34.0
1284,Omar Said,Cairo,2023-12-28,49.0
1285,Omar Fathy,Alexandria,2024-03-16,33.0
1286,Khaled Ramzy,Giza,2023-01-26,33.0
1287,Omar Kamal,Cairo,2023-01-25,63.0
1288,Youssef Ibrahim,Alexandria,2024-01-29,56.0
1289,Fatma Adel,Cairo,2024-05-21,48.0
1290,Youssef Adel,Cairo,2023-10-28,60.0
1291,Youssef Abdallah,Alexandria,2023-12-05,41.0
1292,Laila Ramzy,Cairo,2023-09-24,18.0
1293,Mona Said,Damietta,2024-04-05,28.0
1294,Ali Adel,Tanta,2024-11-23,38.0
1295,Ali Said,Aswan,2024-03-31,21.0
1296,Ali Abdallah,Cairo,2023-12-26,24.0
1297,Hana Said,Cairo,2023-03-09,43.0
1298,Hana Ramzy,Cairo,2025-05-12,64.0
1299,Youssef Ramzy,Mansoura,2024-02-16,29.0
1300,Youssef Adel,Tanta,2024-05-05,48.0
1301,Amr Abdallah,Cairo,2025-04-12,34.0
1302,Ali Mahmoud,Suez,2023-02-18,50.0
1303,Laila Adel,Cairo,2024-11-17,28.0
1304,Nour Kamal,Damietta,2024-07-17,45.0
1305,Salma Fathy,Tanta,2023-04-12,49.0
1306,Amr Ibrahim,Luxor,2023-08-04,18.0
1307,Ali Hassan,Tanta,2024-03-13,64.0
1308,Ali Mahmoud,Aswan,2024-11-30,45.0
1309,Youssef Ramzy,Alexandria,2024-07-22,59.0
1310,Khaled Abdallah,Aswan,2024-07-12,24.0
1311,Hana Ramzy,Cairo,2023-06-08,19.0
1312,Mona Said,Suez,2024-05-03,59.0
1313,Salma Adel,Damietta,2024-11-16,41.0
1314,Ali Adel,Aswan,2023-08-30,21.0
1315,Hana Abdallah,Giza,2025-03-04,61.0
1316,Sara Mahmoud,Mansoura,2025-01-22,36.0
1317,Laila Fawzy,Damietta,2025-05-31,43.0
1318,Mona Said,Tanta,2023-01-05,28.0
1319,Ahmed Adel,Cairo,2024-08-18,57.0
1320,Mona Said,Cairo,2025-03-30,60.0
1321,Ahmed Mahmoud,Cairo,2023-12-27,28.0
1322,Nour Fathy,Cairo,2024-04-03,62.0
1323,Hana Ramzy,Luxor,2023-09-05,20.0
1324,Mohamed Ibrahim,Cairo,2024-07-19,29.0
1325,Ahmed Adel,Port Said,2024-11-03,
1326,Sara Kamal,Alexandria,2024-02-26,59.0
1327,Khaled Ramzy,Cairo,2025-01-07,44.0
1328,Fatma Said,Aswan,2023-01-15,19.0
1329,Amr Abdallah,Mansoura,2025-01-05,33.0
1330,Youssef Abdallah,Giza,2024-07-26,19.0
1331,Khaled Hassan,Damietta,2023-05-02,47.0
1332,Amr Mahmoud,Tanta,2023-10-04,37.0
1333,Khaled Fawzy,Cairo,2024-07-11,55.0
1334,Mona Adel,Port Said,2024-03-28,45.0
1335,Hana Hassan,Port Said,2024-01-25,42.0
1336,Sara Kamal,Mansoura,2023-10-21,49.0
1337,Salma Ibrahim,Cairo,2024-07-27,
1338,Ahmed Kamal,Tanta,2024-08-20,59.0
1339,Amr Ramzy,Cairo,2024-03-21,57.0
1340,Sara Abdallah,Cairo,2023-07-29,50.0
1341,Ahmed Hassan,Alexandria,2024-08-12,30.0
1342,Ali Fawzy,Giza,2024-12-14,58.0
1343,Laila Mahmoud,Luxor,2023-10-29,59.0
1344,Youssef Abdallah,Tanta,2023-08-11,64.0
1345,Fatma Adel,Tanta,2025-01-03,54.0
1346,Omar Ramzy,Giza,2023-01-03,33.0
1347,Sara Adel,Alexandria,2024-06-01,62.0
1348,Fatma Abdallah,Alexandria,2023-04-03,39.0
1349,Mona Mahmoud,Port Said,2024-06-03,37.0
1350,Youssef Ibrahim,Cairo,2024-03-03,60.0
1351,Hana Ramzy,Luxor,2024-05-07,44.0
1352,Khaled Abdallah,Damietta,2023-08-23,58.0
1353,Hana Ibrahim,Giza,2024-09-11,33.0
1354,Ahmed Fathy,Tanta,2023-06-10,51.0
1355,Amr Abdallah,Giza,2024-12-21,49.0
1356,Laila Said,Luxor,2025-01-21,43.0
1357,Sara Fawzy,Suez,2023-11-27,42.0
1358,Salma Kamal,Giza,2023-11-29,19.0
1359,Salma Kamal,Alexandria,2023-02-19,29.0
1360,Omar Fathy,Damietta,2024-06-06,57.0
1361,Mohamed Kamal,Suez,2025-05-12,26.0
1362,Khaled Mahmoud,Cairo,2024-10-29,29.0
1363,Sara Ibrahim,Mansoura,2024-05-06,43.0
1364,Fatma Fathy,Mansoura,2024-08-04,26.0
1365,Mona Hassan,Tanta,2024-11-11,27.0
1366,Ali Kamal,Cairo,2023-09-29,49.0
1367,Mona Ramzy,Tanta,2024-08-02,51.0
1368,Amr Abdallah,Suez,2025-05-16,37.0
1369,Youssef Abdallah,Cairo,2023-09-09,56.0
1370,Laila Fawzy,Cairo,2024-07-13,19.0
1371,Ahmed Abdallah,Port Said,2024-11-26,18.0
1372,Khaled Fathy,Cairo,2025-04-11,53.0
1373,Hana Said,Luxor,2024-11-29,41.0
1374,Ahmed Mahmoud,Giza,2023-03-31,44.0
1375,Fatma Abdallah,Cairo,2024-03-21,19.0
1376,Sara Kamal,Luxor,2023-11-28,48.0
1377,Khaled Adel,Giza,2023-05-19,31.0
1378,Hana Abdallah,Giza,2023-12-23,19.0
1379,Hana Mahmoud,Alexandria,2024-08-23,46.0
1380,Khaled Abdallah,Damietta,2023-10-01,32.0
1381,Youssef Fawzy,Cairo,2023-01-19,29.0
1382,Mona Said,Alexandria,2023-11-07,54.0
1383,Sara Ramzy,Port Said,2025-05-19,45.0
1384,Sara Ramzy,Alexandria,2025-06-04,37.0
1385,Hana Fawzy,Mansoura,2023-06-03,56.0
1386,Youssef Kamal,Alexandria,2024-01-25,41.0
1387,Hana Adel,Aswan,2023-09-17,38.0
1388,Fatma Adel,Cairo,2024-09-11,27.0
1389,Amr Said,Port Said,2025-06-01,63.0
1390,Amr Said,Giza,2025-03-07,31.0
1391,Khaled Fawzy,Cairo,2024-07-24,54.0
1392,Salma Mahmoud,Cairo,2023-05-05,35.0
1393,Omar Ramzy,Cairo,2023-12-20,41.0
1394,Omar Fathy,Giza,2023-09-30,31.0
1395,Mohamed Fawzy,Alexandria,2024-09-10,51.0
1396,Mohamed Hassan,Luxor,2025-03-21,29.0
1397,Salma Adel,Giza,2023-09-02,39.0
1398,Omar Said,Cairo,2025-04-27,23.0
1399,Laila Adel,Mansoura,2024-03-25,53.0
1400,Sara Ibrahim,Tanta,2023-09-04,62.0
1401,Youssef Adel,Cairo,2024-06-03,53.0
1402,Fatma Mahmoud,Cairo,2023-05-21,39.0
1403,Khaled Said,Cairo,2023-12-28,31.0
1404,Hana Fawzy,Tanta,2023-01-08,33.0
1405,Fatma Mahmoud,Mansoura,2024-04-22,53.0
1406,Omar Ramzy,Giza,2023-12-18,42.0
1407,Amr Hassan,Luxor,2024-05-09,49.0
1408,Fatma Ibrahim,Aswan,2024-08-28,50.0
1409,Omar Kamal,Damietta,2025-04-12,62.0
1410,Fatma Fawzy,Luxor,2024-03-02,53.0
1411,Ahmed Adel,Cairo,2023-02-08,
1412,Fatma Abdallah,Cairo,2024-08-15,35.0
1413,Hana Hassan,Alexandria,2023-07-06,55.0
1414,Nour Abdallah,Cairo,2024-08-18,20.0
1415,Salma Hassan,Damietta,2024-08-22,40.0
1416,Hana Said,Suez,2025-01-23,
1417,Laila Mahmoud,Cairo,2025-05-03,62.0
1418,Ahmed Kamal,Cairo,2023-04-03,33.0
1419,Youssef Mahmoud,Giza,2023-03-27,
1420,Omar Hassan,Suez,2023-02-13,
1421,Mohamed Ramzy,Alexandria,2023-05-17,38.0
1422,Ahmed Abdallah,Giza,2024-02-25,57.0
1423,Nour Ibrahim,Cairo,2023-03-15,31.0
1424,Amr Ibrahim,Cairo,2024-07-01,56.0
1425,Amr Kamal,Port Said,2024-09-04,48.0
1426,Youssef Kamal,Port Said,2024-05-26,31.0
1427,Fatma Kamal,Cairo,2023-06-05,23.0
1428,Nour Mahmoud,Port Said,2023-09-12,29.0
1429,Khaled Adel,Mansoura,2023-06-20,33.0
1430,Sara Fathy,Luxor,2024-12-28,34.0
1431,Mohamed Ibrahim,Giza,2023-06-19,62.0
1432,Omar Kamal,Giza,2025-02-02,40.0
1433,Omar Ibrahim,Giza,2025-05-21,31.0
1434,Hana Said,Mansoura,2023-11-18,24.0
1435,Salma Hassan,Cairo,2024-07-20,63.0
1436,Amr Hassan,Cairo,2024-03-31,49.0
1437,Ali Ramzy,Alexandria,2024-08-25,32.0
1438,Khaled Adel,Tanta,2025-02-28,61.0
1439,Nour Adel,Cairo,2024-09-04,34.0
1440,Nour Said,Mansoura,2023-06-04,58.0
1441,Mona Ramzy,Port Said,2025-06-07,64.0
1442,Youssef Ibrahim,Cairo,2023-12-15,61.0
1443,Ali Said,Mansoura,2024-03-26,51.0
1444,Hana Mahmoud,Giza,2025-05-25,22.0
1445,Ahmed Kamal,Luxor,2024-10-14,
1446,Laila Hassan,Cairo,2023-06-22,44.0
1447,Mona Said,Tanta,2023-01-10,40.0
1448,Mohamed Mahmoud,Luxor,2025-01-09,57.0
1449,Laila Hassan,Port Said,2023-09-22,
1450,Fatma Fawzy,Tanta,2024-03-13,32.0
1451,Khaled Hassan,Giza,2025-01-29,60.0
1452,Mona Hassan,Mansoura,2023-09-04,50.0
1453,Nour Ramzy,Luxor,2024-10-28,
1454,Mona Adel,Damietta,2024-06-29,52.0
1455,Mona Hassan,Cairo,2024-05-13,34.0
1456,Sara Adel,Suez,2023-05-09,45.0
1457,Ali Said,Tanta,2024-11-02,36.0
1458,Salma Fawzy,Mansoura,2024-08-23,63.0
1459,Youssef Fawzy,Cairo,2024-08-27,40.0
1460,Laila Fathy,Mansoura,2023-11-23,
1461,Mona Abdallah,Alexandria,2025-01-22,57.0
1462,Sara Adel,Mansoura,2025-04-14,30.0
1463,Mona Kamal,Cairo,2024-02-08,37.0
1464,Ali Abdallah,Mansoura,2024-09-20,52.0
1465,Ahmed Adel,Port Said,2024-08-28,22.0
1466,Laila Ibrahim,Cairo,2024-11-05,26.0
1467,Khaled Kamal,Port Said,2024-09-02,
1468,Omar Ramzy,Giza,2024-09-16,
1469,Ahmed Fathy,Luxor,2023-12-25,42.0
1470,Khaled Kamal,Aswan,2024-08-25,48.0
1471,Amr Adel,Damietta,2025-05-07,39.0
1472,Youssef Kamal,Tanta,2024-12-18,19.0
1473,Nour Ibrahim,Luxor,2023-01-17,62.0
1474,Ali Kamal,Giza,2023-10-01,22.0
1475,Sara Adel,Alexandria,2024-11-15,44.0
1476,Fatma Said,Mansoura,2023-04-26,42.0
1477,Salma Said,Aswan,2025-05-10,25.0
1478,Ali Ibrahim,Aswan,2024-11-23,18.0
1479,Amr Ramzy,Aswan,2023-04-01,37.0
1480,Ahmed Adel,Giza,2023-03-23,61.0
1481,Nour Kamal,Aswan,2023-11-20,40.0
1482,Omar Adel,Cairo,2023-04-24,49.0
1483,Sara Kamal,Damietta,2025-02-07,28.0
1484,Mona Abdallah,Cairo,2023-02-27,56.0
1485,Mona Fathy,Alexandria,2023-06-03,64.0
1486,Khaled Mahmoud,Alexandria,2025-05-26,41.0
1487,Fatma Fathy,Alexandria,2024-02-08,28.0
1488,Mohamed Adel,Tanta,2024-09-19,46.0
1489,Hana Said,Alexandria,2025-05-04,43.0
1490,Ahmed Abdallah,Giza,2023-09-23,33.0
1491,Nour Fawzy,Cairo,2023-11-11,52.0
1492,Laila Hassan,Alexandria,2024-12-15,37.0
1493,Salma Mahmoud,Cairo,2023-02-10,63.0
1494,Mona Fawzy,Cairo,2023-04-15,20.0
1495,Hana Adel,Mansoura,2025-06-08,18.0
1496,Mona Ramzy,Mansoura,2023-07-12,64.0
1497,Mona Fathy,Mansoura,2024-02-05,18.0
1498,Ali Hassan,Giza,2023-10-05,34.0
1499,Mona Said,Alexandria,2023-12-20,19.0
1500,Hana Mahmoud,Luxor,2025-01-18,46.0
1501,Hana Ramzy,Giza,2025-01-02,37.0
1502,Mona Fawzy,Giza,2024-08-02,23.0
1503,Hana Said,Cairo,2024-12-09,25.0
1504,Nour Said,Alexandria,2023-09-13,46.0
1505,Omar Fathy,Alexandria,2024-10-12,
1506,Amr Abdallah,Alexandria,2025-04-03,20.0
1507,Nour Ramzy,Damietta,2024-10-22,52.0
1508,Omar Fathy,Damietta,2023-04-09,22.0
1509,Ali Abdallah,Mansoura,2024-08-10,44.0
1510,Youssef Adel,Aswan,2023-10-09,61.0
1511,Fatma Ramzy,Aswan,2025-06-01,29.0
1512,Mohamed Ramzy,Tanta,2024-02-07,37.0
1513,Amr Fathy,Port Said,2023-04-19,62.0
1514,Mona Fathy,Cairo,2024-11-30,37.0
1515,Youssef Kamal,Cairo,2023-07-18,26.0
1516,Ahmed Fawzy,Cairo,2023-10-30,56.0
1517,Salma Said,Mansoura,2023-11-23,21.0
1518,Hana Ibrahim,Suez,2023-06-03,36.0
1519,Ahmed Abdallah,Cairo,2024-07-05,55.0
1520,Omar Fawzy,Suez,2024-10-06,44.0
1521,Laila Kamal,Cairo,2024-02-09,62.0
1522,Ali Ibrahim,Suez,2024-04-06,60.0
1523,Mona Fathy,Alexandria,2023-05-12,30.0
1524,Mona Kamal,Cairo,2025-03-01,30.0
1525,Laila Said,Giza,2025-05-23,39.0
1526,Fatma Adel,Alexandria,2023-03-25,45.0
1527,Khaled Fathy,Alexandria,2024-02-03,64.0
1528,Ali Ramzy,Alexandria,2025-01-23,62.0
1529,Hana Ramzy,Aswan,2024-09-19,39.0
1530,Fatma Ibrahim,Damietta,2023-04-19,60.0
1531,Hana Fathy,Alexandria,2023-08-09,36.0
1532,Sara Ibrahim,Mansoura,2024-07-06,25.0
1533,Hana Adel,Tanta,2024-01-03,25.0
1534,Fatma Ibrahim,Alexandria,2023-05-27,59.0
1535,Omar Hassan,Giza,2023-04-22,43.0
1536,Omar Hassan,Cairo,2024-09-06,
1537,Salma Mahmoud,Cairo,2024-07-11,40.0
1538,Salma Hassan,Tanta,2024-05-08,60.0
1539,Amr Hassan,Cairo,2024-05-19,30.0
1540,Nour Ibrahim,Damietta,2024-04-19,45.0
1541,Salma Said,Tanta,2025-04-15,26.0
1542,Mohamed Ibrahim,Cairo,2025-06-08,37.0
1543,Ahmed Said,Damietta,2023-09-28,36.0
1544,Omar Ramzy,Alexandria,2024-02-25,56.0
1545,Youssef Hassan,Port Said,2025-06-15,29.0
1546,Laila Fawzy,Giza,2024-12-07,32.0
1547,Fatma Ramzy,Aswan,2024-01-02,48.0
1548,Ahmed Hassan,Damietta,2023-10-07,31.0
1549,Omar Adel,Cairo,2023-10-10,28.0
1550,Nour Hassan,Mansoura,2023-02-09,43.0
1551,Ahmed Adel,Port Said,2023-07-08,
1552,Hana Abdallah,Mansoura,2023-06-13,44.0
1553,Omar Abdallah,Aswan,2024-06-19,28.0
1554,Ahmed Adel,Suez,2024-06-19,55.0
1555,Salma Kamal,Cairo,2023-01-04,
1556,Amr Ibrahim,Cairo,2025-04-14,60.0
1557,Mohamed Mahmoud,Mansoura,2023-10-17,36.0
1558,Omar Ibrahim,Giza,2024-03-08,23.0
1559,Mona Said,Luxor,2024-04-15,63.0
1560,Laila Adel,Suez,2023-06-30,55.0
1561,Ali Fathy,Alexandria,2023-09-05,59.0
1562,Ali Kamal,Cairo,2024-09-19,45.0
1563,Mohamed Fathy,Aswan,2023-10-06,18.0
1564,Nour Ramzy,Alexandria,2025-05-26,52.0
1565,Laila Said,Luxor,2024-08-03,57.0
1566,Hana Said,Giza,2025-05-12,25.0
1567,Ali Mahmoud,Mansoura,2023-09-11,64.0
1568,Khaled Hassan,Cairo,2023-06-30,24.0
1569,Mohamed Kamal,Mansoura,2025-04-09,28.0
1570,Nour Kamal,Giza,2024-11-11,56.0
1571,Omar Ramzy,Damietta,2025-04-04,21.0
1572,Ahmed Hassan,Cairo,2024-05-23,42.0
1573,Hana Ibrahim,Tanta,2025-01-30,
1574,Mohamed Ramzy,Luxor,2024-11-30,43.0
1575,Salma Kamal,Cairo,2024-07-19,55.0
1576,Khaled Fathy,Cairo,2023-11-22,63.0
1577,Laila Mahmoud,Cairo,2023-12-23,29.0
1578,Omar Hassan,Mansoura,2025-04-04,60.0
1579,Mona Said,Mansoura,2024-10-11,54.0
1580,Salma Fawzy,Damietta,2024-11-10,63.0
1581,Fatma Abdallah,Cairo,2024-01-26,41.0
1582,Ahmed Mahmoud,Alexandria,2024-09-06,33.0
1583,Khaled Abdallah,Damietta,2023-03-26,30.0
1584,Omar Fawzy,Giza,2023-11-13,42.0
1585,Khaled Hassan,Port Said,2023-07-31,21.0
1586,Sara Fathy,Cairo,2024-05-29,28.0
1587,Ahmed Said,Tanta,2024-01-19,
1588,Laila Ibrahim,Giza,2024-11-21,24.0
1589,Amr Kamal,Giza,2023-12-08,63.0
1590,Mohamed Abdallah,Tanta,2025-03-25,
1591,Sara Fawzy,Tanta,2025-04-23,45.0
1592,Mona Fawzy,Port Said,2023-02-07,58.0
1593,Salma Kamal,Cairo,2024-05-25,
1594,Khaled Adel,Cairo,2024-02-24,62.0
1595,Youssef Kamal,Tanta,2025-01-20,40.0
1596,Amr Ibrahim,Damietta,2023-06-18,45.0
1597,Amr Mahmoud,Alexandria,2023-12-09,60.0
1598,Omar Fathy,Cairo,2025-04-05,64.0
1599,Ahmed Mahmoud,Cairo,2023-11-02,
1600,Nour Said,Suez,2024-06-25,42.0
1601,Salma Mahmoud,Cairo,2024-12-02,46.0
1602,Youssef Fawzy,Alexandria,2025-05-18,36.0
1603,Amr Fawzy,Cairo,2024-06-20,50.0
1604,Laila Kamal,Alexandria,2023-04-22,53.0
1605,Amr Fathy,Cairo,2024-02-15,31.0
1606,Ahmed Abdallah,Giza,2023-07-25,31.0
1607,Amr Ramzy,Cairo,2023-07-04,52.0
1608,Fatma Said,Aswan,2024-01-17,47.0
1609,Youssef Adel,Cairo,2024-05-10,45.0
1610,Nour Kamal,Damietta,2024-01-14,34.0
1611,Sara Fawzy,Suez,2023-02-16,20.0
1612,Khaled Kamal,Mansoura,2025-06-04,33.0
1613,Mohamed Fawzy,Damietta,2025-01-09,63.0
1614,Ali Said,Alexandria,2024-07-04,47.0
1615,Hana Mahmoud,Alexandria,2024-06-11,46.0
1616,Mohamed Abdallah,Mansoura,2024-05-18,62.0
1617,Sara Kamal,Port Said,2023-01-22,32.0
1618,Hana Ibrahim,Mansoura,2023-08-01,63.0
1619,Hana Kamal,Damietta,2023-11-06,42.0
1620,Youssef Fathy,Tanta,2024-10-22,55.0
1621,Mohamed Mahmoud,Giza,2025-01-22,59.0
1622,Ahmed Abdallah,Cairo,2023-09-29,64.0
1623,Fatma Fathy,Damietta,2024-07-24,55.0
1624,Amr Abdallah,Port Said,2025-03-09,40.0
1625,Mohamed Ibrahim,Cairo,2023-07-21,42.0
1626,Mohamed Ibrahim,Tanta,2023-02-01,59.0
1627,Nour Ramzy,Cairo,2024-03-18,24.0
1628,Omar Adel,Damietta,2023-06-11,39.0
1629,Omar Kamal,Cairo,2025-02-05,34.0
1630,Mohamed Hassan,Giza,2023-09-11,35.0
1631,Mohamed Fathy,Tanta,2024-06-04,58.0
1632,Omar Mahmoud,Alexandria,2024-10-12,27.0
1633,Laila Fawzy,Mansoura,2024-04-24,27.0
1634,Amr Fathy,Aswan,2023-01-10,24.0
1635,Salma Kamal,Suez,2024-12-26,55.0
1636,Ahmed Abdallah,Cairo,2024-05-19,44.0
1637,Nour Kamal,Alexandria,2025-02-23,50.0
1638,Amr Mahmoud,Cairo,2025-04-15,18.0
1639,Hana Adel,Port Said,2024-07-13,61.0
1640,Mona Fawzy,Suez,2024-03-11,51.0
1641,Omar Ibrahim,Damietta,2023-04-21,21.0
1642,Khaled Kamal,Luxor,2023-06-02,34.0
1643,Sara Ibrahim,Damietta,2024-09-26,
1644,Ali Abdallah,Mansoura,2025-05-18,60.0
1645,Ali Ramzy,Cairo,2023-04-12,43.0
1646,Sara Mahmoud,Tanta,2025-01-22,21.0
1647,Sara Kamal,Cairo,2025-04-12,18.0
1648,Ali Kamal,Luxor,2023-07-10,24.0
1649,Ali Ramzy,Aswan,2024-12-29,47.0
1650,Amr Mahmoud,Tanta,2024-07-16,26.0
1651,Youssef Abdallah,Cairo,2025-03-14,52.0
1652,Mona Ramzy,Alexandria,2023-03-22,25.0
1653,Laila Fawzy,Alexandria,2024-05-03,41.0
1654,Mona Ramzy,Alexandria,2025-06-13,36.0
1655,Mohamed Ibrahim,Cairo,2023-03-29,53.0
1656,Ali Hassan,Suez,2023-07-13,60.0
1657,Nour Fathy,Damietta,2023-04-14,44.0
1658,Salma Fawzy,Alexandria,2025-02-21,49.0
1659,Nour Fathy,Alexandria,2023-04-06,31.0
1660,Fatma Fathy,Giza,2024-02-27,35.0
1661,Nour Fawzy,Mansoura,2025-06-09,45.0
1662,Sara Abdallah,Giza,2023-07-17,46.0
1663,Youssef Fawzy,Suez,2023-01-01,33.0
1664,Hana Said,Giza,2024-02-11,52.0
1665,Fatma Fathy,Port Said,2024-01-13,64.0
1666,Sara Kamal,Luxor,2023-06-16,48.0
1667,Youssef Abdallah,Cairo,2024-05-23,
1668,Hana Ramzy,Suez,2024-09-29,54.0
1669,Laila Said,Cairo,2023-11-09,
1670,Youssef Kamal,Aswan,2024-08-15,56.0
1671,Ali Kamal,Alexandria,2024-02-22,63.0
1672,Youssef Mahmoud,Luxor,2025-02-01,43.0
1673,Laila Said,Luxor,2024-11-11,56.0
1674,Laila Adel,Aswan,2024-04-21,58.0
1675,Sara Adel,Aswan,2023-03-14,21.0
1676,Ahmed Ramzy,Alexandria,2023-05-21,47.0
1677,Hana Said,Cairo,2024-08-04,47.0
1678,Fatma Abdallah,Giza,2023-09-19,39.0
1679,Salma Mahmoud,Cairo,2023-12-06,28.0
1680,Salma Kamal,Tanta,2023-11-04,19.0
1681,Khaled Ramzy,Alexandria,2023-09-02,61.0
1682,Sara Abdallah,Port Said,2024-05-29,29.0
1683,Mona Abdallah,Mansoura,2023-12-03,47.0
1684,Khaled Ibrahim,Luxor,2024-07-28,53.0
1685,Hana Kamal,Cairo,2024-07-14,35.0
1686,Amr Kamal,Luxor,2023-03-17,43.0
1687,Mohamed Ramzy,Suez,2025-05-29,24.0
1688,Laila Ramzy,Giza,2023-06-24,18.0
1689,Laila Kamal,Mansoura,2023-04-19,43.0
1690,Omar Adel,Aswan,2023-07-02,40.0
1691,Salma Kamal,Cairo,2023-07-11,43.0
1692,Omar Hassan,Giza,2023-03-06,62.0
1693,Amr Fathy,Alexandria,2025-04-28,23.0
1694,Hana Adel,Cairo,2024-04-18,23.0
1695,Laila Mahmoud,Alexandria,2025-02-21,61.0
1696,Mohamed Said,Cairo,2023-04-10,25.0
1697,Khaled Fathy,Cairo,2024-06-27,41.0
1698,Sara Fawzy,Cairo,2025-05-13,39.0
1699,Ahmed Fawzy,Port Said,2023-05-08,36.0
1700,Khaled Kamal,Damietta,2024-03-27,
1701,Amr Fathy,Port Said,2024-01-04,35.0
1702,Amr Kamal,Giza,2025-04-30,48.0
1703,Mohamed Hassan,Alexandria,2023-02-12,54.0
1704,Mohamed Abdallah,Giza,2025-06-02,47.0
1705,Mona Adel,Giza,2024-02-23,59.0
1706,Hana Adel,Cairo,2024-05-02,50.0
1707,Omar Fawzy,Mansoura,2023-03-19,27.0
1708,Hana Fawzy,Cairo,2025-04-05,54.0
1709,Mona Ramzy,Mansoura,2025-03-11,29.0
1710,Youssef Kamal,Mansoura,2023-09-27,47.0
1711,Fatma Fawzy,Cairo,2024-11-04,44.0
1712,Hana Adel,Cairo,2024-12-01,56.0
1713,Sara Fathy,Aswan,2025-01-28,26.0
1714,Ahmed Ramzy,Giza,2025-06-18,
1715,Mohamed Abdallah,Cairo,2024-12-28,29.0
1716,Nour Mahmoud,Port Said,2023-11-11,46.0
1717,Mohamed Ibrahim,Cairo,2025-04-30,50.0
1718,Youssef Abdallah,Tanta,2025-06-07,60.0
1719,Youssef Ramzy,Port Said,2023-06-17,32.0
1720,Amr Said,Cairo,2023-12-05,19.0
1721,Omar Ramzy,Cairo,2023-07-12,56.0
1722,Youssef Ramzy,Cairo,2024-03-28,61.0
1723,Mohamed Ramzy,Alexandria,2023-10-10,35.0
1724,Hana Ramzy,Cairo,2023-12-02,20.0
1725,Youssef Mahmoud,Tanta,2024-01-25,24.0
1726,Ali Hassan,Cairo,2024-06-08,60.0
1727,Amr Mahmoud,Giza,2023-08-28,35.0
1728,Ahmed Fathy,Port Said,2025-04-11,61.0
1729,Khaled Mahmoud,Aswan,2024-04-27,55.0
1730,Khaled Ibrahim,Mansoura,2024-10-20,54.0
1731,Hana Said,Alexandria,2024-12-16,50.0
1732,Omar Ibrahim,Mansoura,2024-08-14,61.0
1733,Omar Ibrahim,Damietta,2025-06-09,48.0
1734,Youssef Adel,Giza,2024-07-08,28.0
1735,Nour Ramzy,Cairo,2024-04-02,21.0
1736,Mona Kamal,Suez,2023-03-30,35.0
1737,Khaled Ibrahim,Giza,2024-10-21,21.0
1738,Sara Kamal,Cairo,2023-04-05,51.0
1739,Nour Hassan,Alexandria,2024-03-27,46.0
1740,Hana Fawzy,Giza,2024-03-03,41.0
1741,Mona Ramzy,Luxor,2023-05-31,39.0
1742,Laila Kamal,Tanta,2024-05-28,19.0
1743,Nour Hassan,Aswan,2024-01-11,61.0
1744,Hana Said,Cairo,2023-01-22,
1745,Mona Abdallah,Giza,2025-06-01,59.0
1746,Amr Mahmoud,Giza,2023-11-09,42.0
1747,Laila Mahmoud,Cairo,2025-04-19,38.0
1748,Amr Adel,Alexandria,2024-06-02,33.0
1749,Sara Fathy,Aswan,2023-07-25,48.0
1750,Youssef Said,Cairo,2024-01-10,31.0
1751,Fatma Mahmoud,Damietta,2024-03-26,56.0
1752,Ali Ramzy,Cairo,2024-09-17,45.0
1753,Omar Fathy,Cairo,2025-02-22,49.0
1754,Laila Kamal,Cairo,2024-08-17,45.0
1755,Laila Kamal,Port Said,2023-06-28,26.0
1756,Laila Mahmoud,Aswan,2023-07-29,62.0
1757,Youssef Fathy,Port Said,2024-05-14,
1758,Salma Ramzy,Giza,2024-04-08,49.0
1759,Laila Ibrahim,Cairo,2025-04-19,
1760,Salma Abdallah,Damietta,2023-05-04,40.0
1761,Laila Fawzy,Giza,2023-04-23,22.0
1762,Mohamed Ibrahim,Luxor,2023-01-12,59.0
1763,Youssef Mahmoud,Cairo,2023-05-06,49.0
1764,Mona Abdallah,Giza,2024-07-18,27.0
1765,Mohamed Ibrahim,Cairo,2023-11-27,56.0
1766,Youssef Ibrahim,Alexandria,2023-10-10,32.0
1767,Omar Kamal,Tanta,2023-05-20,24.0
1768,Nour Fawzy,Giza,2024-02-05,46.0
1769,Sara Fawzy,Alexandria,2023-04-07,64.0
1770,Nour Kamal,Alexandria,2024-05-31,20.0
1771,Sara Ramzy,Giza,2024-07-22,36.0
1772,Khaled Adel,Aswan,2025-04-25,27.0
1773,Hana Ibrahim,Suez,2023-03-10,45.0
1774,Omar Ibrahim,Port Said,2023-04-28,46.0
1775,Fatma Abdallah,Aswan,2025-06-06,32.0
1776,Sara Ibrahim,Alexandria,2023-02-28,52.0
1777,Youssef Ramzy,Tanta,2023-02-02,23.0
1778,Laila Hassan,Giza,2023-11-14,29.0
1779,Salma Fathy,Alexandria,2023-02-19,64.0
1780,Ahmed Ramzy,Luxor,2025-05-29,55.0
1781,Sara Said,Cairo,2024-05-03,30.0
1782,Salma Kamal,Suez,2023-01-19,46.0
1783,Omar Adel,Giza,2024-12-26,36.0
1784,Khaled Ramzy,Mansoura,2023-07-16,20.0
1785,Nour Ramzy,Mansoura,2025-06-09,25.0
1786,Nour Ramzy,Suez,2024-03-25,25.0
1787,Fatma Ibrahim,Mansoura,2024-07-12,37.0
1788,Mohamed Fawzy,Mansoura,2024-11-09,64.0
1789,Ahmed Said,Cairo,2024-03-27,21.0
1790,Ali Hassan,Giza,2023-10-16,38.0
1791,Ali Said,Cairo,2023-05-21,20.0
1792,Omar Abdallah,Tanta,2023-03-25,62.0
1793,Sara Ramzy,Giza,2024-11-24,25.0
1794,Laila Ramzy,Tanta,2024-01-26,40.0
1795,Omar Adel,Cairo,2024-08-13,33.0
1796,Mohamed Fawzy,Cairo,2023-08-03,30.0
1797,Mohamed Abdallah,Tanta,2024-06-09,20.0
1798,Amr Adel,Cairo,2023-08-03,26.0
1799,Salma Fathy,Cairo,2024-02-07,31.0
1800,Omar Hassan,Cairo,2023-05-08,30.0
1801,Amr Ramzy,Port Said,2025-04-01,24.0
1802,Omar Said,Tanta,2024-04-21,32.0
1803,Nour Mahmoud,Alexandria,2025-01-29,24.0
1804,Hana Said,Alexandria,2024-02-08,55.0
1805,Ali Hassan,Alexandria,2023-01-29,51.0
1806,Fatma Abdallah,Aswan,2025-03-02,58.0
1807,Youssef Mahmoud,Mansoura,2023-12-04,39.0
1808,Fatma Mahmoud,Cairo,2025-04-10,41.0
1809,Amr Said,Cairo,2024-12-14,54.0
1810,Mona Fawzy,Cairo,2023-12-27,61.0
1811,Hana Fathy,Mansoura,2024-07-22,18.0
1812,Salma Fawzy,Aswan,2024-01-27,27.0
1813,Khaled Kamal,Alexandria,2023-08-06,60.0
1814,Sara Fawzy,Cairo,2024-07-27,33.0
1815,Sara Said,Cairo,2024-10-30,63.0
1816,Salma Said,Port Said,2023-07-21,25.0
1817,Amr Hassan,Alexandria,2023-01-17,42.0
1818,Laila Fathy,Aswan,2023-11-18,29.0
1819,Omar Abdallah,Mansoura,2024-06-01,42.0
1820,Laila Adel,Alexandria,2024-07-23,34.0
1821,Sara Fathy,Cairo,2023-11-21,43.0
1822,Hana Abdallah,Cairo,2024-02-16,
1823,Ali Fawzy,Mansoura,2023-11-14,31.0
1824,Ali Adel,Aswan,2024-11-11,58.0
1825,Khaled Mahmoud,Mansoura,2023-03-23,53.0
1826,Sara Kamal,Damietta,2024-04-18,
1827,Ahmed Abdallah,Cairo,2024-04-12,
1828,Salma Ibrahim,Port Said,2024-02-29,23.0
1829,Hana Ibrahim,Aswan,2024-12-31,64.0
1830,Mona Ibrahim,Alexandria,2024-11-19,22.0
1831,Hana Fathy,Port Said,2023-07-23,60.0
1832,Salma Said,Mansoura,2024-08-05,42.0
1833,Amr Kamal,Damietta,2024-01-22,35.0
1834,Fatma Ibrahim,Tanta,2025-02-16,
1835,Laila Abdallah,Aswan,2023-04-08,60.0
1836,Khaled Kamal,Mansoura,2023-12-11,31.0
1837,Nour Ramzy,Cairo,2025-03-13,45.0
1838,Mohamed Mahmoud,Alexandria,2023-07-27,35.0
1839,Nour Adel,Suez,2024-05-28,45.0
1840,Hana Abdallah,Cairo,2024-09-27,44.0
1841,Hana Fathy,Alexandria,2025-03-02,49.0
1842,Fatma Ramzy,Giza,2024-08-08,64.0
1843,Youssef Fawzy,Giza,2023-06-15,26.0
1844,Ahmed Mahmoud,Mansoura,2023-01-22,57.0
1845,Hana Ramzy,Port Said,2023-06-03,49.0
1846,Khaled Fathy,Cairo,2024-03-14,37.0
1847,Salma Mahmoud,Cairo,2023-10-22,45.0
1848,Amr Adel,Cairo,2023-08-07,50.0
1849,Nour Said,Suez,2024-10-30,21.0
1850,Nour Said,Mansoura,2024-05-09,63.0
1851,Fatma Abdallah,Alexandria,2023-08-18,51.0
1852,Youssef Abdallah,Aswan,2023-01-20,20.0
1853,Youssef Adel,Luxor,2024-07-06,43.0
1854,Laila Ibrahim,Luxor,2023-05-28,25.0
1855,Laila Ramzy,Suez,2023-04-18,23.0
1856,Amr Fathy,Alexandria,2024-02-07,33.0
1857,Khaled Hassan,Tanta,2024-08-18,41.0
1858,Ahmed Mahmoud,Giza,2024-04-27,56.0
1859,Khaled Ramzy,Luxor,2024-01-02,47.0
1860,Ahmed Mahmoud,Tanta,2025-04-13,62.0
1861,Salma Ibrahim,Aswan,2024-02-18,30.0
1862,Fatma Ramzy,Mansoura,2023-11-05,22.0
1863,Ahmed Kamal,Cairo,2025-03-12,42.0
1864,Mona Ibrahim,Damietta,2025-04-14,37.0
1865,Khaled Abdallah,Port Said,2023-05-14,35.0
1866,Sara Abdallah,Suez,2024-12-19,64.0
1867,Mohamed Fathy,Cairo,2023-10-10,35.0
1868,Ali Mahmoud,Cairo,2025-02-16,19.0
1869,Youssef Ibrahim,Cairo,2023-03-14,27.0
1870,Ahmed Kamal,Tanta,2024-04-25,62.0
1871,Khaled Abdallah,Aswan,2023-12-18,64.0
1872,Hana Said,Cairo,2024-07-13,29.0
1873,Nour Mahmoud,Giza,2023-11-22,64.0
1874,Hana Mahmoud,Luxor,2025-01-14,30.0
1875,Ahmed Said,Tanta,2024-03-18,64.0
1876,Fatma Mahmoud,Damietta,2023-04-10,28.0
1877,Sara Fawzy,Damietta,2023-02-28,36.0
1878,Mona Adel,Giza,2024-05-22,52.0
1879,Khaled Ramzy,Alexandria,2023-09-15,56.0
1880,Ahmed Hassan,Damietta,2024-02-17,43.0
1881,Hana Fathy,Tanta,2024-03-27,63.0
1882,Salma Mahmoud,Luxor,2023-03-06,31.0
1883,Salma Kamal,Mansoura,2024-08-17,62.0
1884,Hana Ibrahim,Aswan,2023-06-03,61.0
1885,Fatma Mahmoud,Cairo,2023-09-23,
1886,Mona Kamal,Giza,2025-03-31,58.0
1887,Mohamed Mahmoud,Cairo,2023-03-20,18.0
1888,Mohamed Fathy,Cairo,2023-11-11,60.0
1889,Youssef Abdallah,Tanta,2024-10-23,39.0
1890,Sara Kamal,Port Said,2024-07-13,40.0
1891,Amr Ibrahim,Cairo,2025-06-09,
1892,Khaled Ibrahim,Giza,2023-09-05,35.0
1893,Mohamed Adel,Aswan,2025-02-28,29.0
1894,Laila Hassan,Cairo,2025-05-17,45.0
1895,Laila Ibrahim,Damietta,2024-09-01,45.0
1896,Fatma Fathy,Tanta,2024-02-18,50.0
1897,Hana Said,Mansoura,2023-01-25,36.0
1898,Khaled Ibrahim,Cairo,2023-10-11,
1899,Nour Fawzy,Alexandria,2024-03-24,54.0
1900,Khaled Ramzy,Aswan,2025-05-30,43.0
1901,Salma Said,Damietta,2023-10-28,52.0
1902,Mohamed Mahmoud,Cairo,2023-03-09,51.0
1903,Sara Mahmoud,Aswan,2023-01-07,
1904,Laila Kamal,Cairo,2025-03-27,57.0
1905,Youssef Kamal,Tanta,2023-05-17,33.0
1906,Youssef Ibrahim,Cairo,2023-06-13,55.0
1907,Mona Abdallah,Port Said,2023-03-24,30.0
1908,Khaled Mahmoud,Alexandria,2025-06-15,40.0
1909,Mona Adel,Alexandria,2024-10-11,39.0
1910,Laila Fawzy,Cairo,2024-02-24,33.0
1911,Hana Fawzy,Alexandria,2023-03-14,45.0
1912,Ali Hassan,Luxor,2023-08-25,52.0
1913,Salma Abdallah,Port Said,2023-02-15,62.0
1914,Mona Adel,Alexandria,2024-09-09,63.0
1915,Laila Adel,Giza,2025-03-10,25.0
1916,Mona Kamal,Tanta,2023-09-19,61.0
1917,Ali Hassan,Suez,2023-06-25,39.0
1918,Amr Said,Damietta,2023-06-15,38.0
1919,Fatma Kamal,Alexandria,2024-10-18,43.0
1920,Mohamed Said,Giza,2025-04-21,57.0
1921,Fatma Fawzy,Tanta,2024-01-05,38.0
1922,Mohamed Adel,Cairo,2025-03-05,42.0
1923,Ahmed Fathy,Mansoura,2023-02-23,58.0
1924,Youssef Ibrahim,Alexandria,2024-11-20,18.0
1925,Nour Fawzy,Aswan,2024-02-23,23.0
1926,Nour Fathy,Cairo,2025-01-25,40.0
1927,Omar Ibrahim,Damietta,2024-05-21,40.0
1928,Amr Ramzy,Giza,2023-12-07,60.0
1929,Amr Mahmoud,Mansoura,2023-05-07,60.0
1930,Ahmed Fawzy,Cairo,2024-02-13,40.0
1931,Mohamed Hassan,Damietta,2024-01-02,49.0
1932,Ali Said,Damietta,2023-09-28,47.0
1933,Ahmed Hassan,Damietta,2024-10-05,30.0
1934,Amr Kamal,Mansoura,2024-08-27,60.0
1935,Omar Abdallah,Mansoura,2024-01-14,35.0
1936,Khaled Adel,Aswan,2023-03-14,40.0
1937,Amr Kamal,Alexandria,2023-09-05,32.0
1938,Nour Kamal,Luxor,2025-05-09,50.0
1939,Mohamed Adel,Giza,2025-02-23,38.0
1940,Omar Fawzy,Cairo,2023-02-12,56.0
1941,Sara Abdallah,Cairo,2024-01-12,40.0
1942,Mohamed Abdallah,Alexandria,2023-02-10,44.0
1943,Mohamed Adel,Aswan,2023-06-19,62.0
1944,Mona Ibrahim,Tanta,2023-07-31,61.0
1945,Omar Fathy,Aswan,2024-05-07,35.0
1946,Nour Fawzy,Giza,2024-11-10,41.0
1947,Khaled Mahmoud,Giza,2023-02-08,
1948,Ali Kamal,Cairo,2024-01-04,57.0
1949,Hana Said,Alexandria,2025-01-26,59.0
1950,Ahmed Said,Giza,2023-05-31,24.0
1951,Mohamed Kamal,Cairo,2023-04-21,37.0
1952,Mohamed Ramzy,Cairo,2024-04-24,44.0
1953,Laila Fawzy,Damietta,2024-03-11,23.0
1954,Ahmed Abdallah,Tanta,2023-02-16,44.0
1955,Khaled Ibrahim,Port Said,2024-07-28,26.0
1956,Mohamed Hassan,Suez,2025-01-06,62.0
1957,Hana Ibrahim,Mansoura,2024-01-01,
1958,Hana Hassan,Giza,2023-03-10,38.0
1959,Sara Ramzy,Mansoura,2023-10-26,43.0
1960,Youssef Adel,Aswan,2025-03-12,
1961,Omar Abdallah,Cairo,2023-10-23,62.0
1962,Sara Fathy,Giza,2023-07-22,30.0
1963,Sara Abdallah,Luxor,2023-03-02,40.0
1964,Hana Mahmoud,Alexandria,2025-04-09,37.0
1965,Amr Hassan,Damietta,2023-11-10,54.0
1966,Youssef Kamal,Damietta,2023-06-10,
1967,Ali Adel,Cairo,2023-11-27,34.0
1968,Mohamed Abdallah,Alexandria,2024-06-11,45.0
1969,Hana Fawzy,Alexandria,2023-12-04,58.0
1970,Khaled Mahmoud,Cairo,2024-08-28,19.0
1971,Fatma Ramzy,Cairo,2023-10-31,42.0
1972,Omar Fathy,Luxor,2024-05-17,58.0
1973,Ahmed Ramzy,Alexandria,2024-10-11,23.0
1974,Salma Fawzy,Giza,2023-12-04,28.0
1975,Sara Fathy,Alexandria,2024-07-03,
1976,Sara Abdallah,Port Said,2024-09-30,23.0
1977,Amr Mahmoud,Alexandria,2023-10-02,62.0
1978,Laila Mahmoud,Giza,2023-06-13,28.0
1979,Mona Adel,Luxor,2024-03-18,31.0
1980,Ahmed Hassan,Luxor,2023-11-15,19.0
1981,Salma Hassan,Cairo,2024-08-11,57.0
1982,Mona Hassan,Aswan,2024-05-18,20.0
1983,Fatma Fathy,Giza,2024-11-16,52.0
1984,Nour Ibrahim,Giza,2024-01-22,50.0
1985,Sara Hassan,Cairo,2025-05-19,41.0
1986,Omar Kamal,Cairo,2025-04-12,36.0
1987,Mona Fathy,Tanta,2025-06-06,35.0
1988,Mona Kamal,Giza,2024-08-25,
1989,Hana Fathy,Giza,2025-01-19,62.0
1990,Ali Mahmoud,Tanta,2025-02-14,52.0
1991,Laila Fathy,Aswan,2024-11-21,18.0
1992,Mohamed Adel,Cairo,2024-05-08,53.0
1993,Khaled Hassan,Mansoura,2024-05-04,42.0
1994,Sara Said,Cairo,2024-12-21,62.0
1995,Amr Adel,Tanta,2023-03-14,60.0
1996,Ahmed Kamal,Mansoura,2024-05-23,51.0
1997,Mohamed Ramzy,Port Said,2024-01-25,42.0
1998,Salma Abdallah,Cairo,2024-09-10,33.0
1999,Amr Abdallah,Cairo,2025-05-06,51.0
2000,Youssef Mahmoud,Alexandria,2023-10-22,46.0
675,Ali Ramzy,Giza,2025-04-12,56.0
1700,Khaled Kamal,Damietta,2024-03-27,
1283,Hana Ibrahim,Damietta,2023-07-18,34.0
1316,Sara Mahmoud,Mansoura,2025-01-22,36.0
1211,Fatma Adel,Giza,2024-11-23,59.0
1637,Nour Kamal,Alexandria,2025-02-23,50.0
614,Nour Ibrahim,Cairo,2024-01-22,33.0
448,Youssef Kamal,Tanta,2023-08-20,32.0
1132,Omar Said,Giza,2023-11-25,47.0
809,Mona Mahmoud,Giza,2023-04-27,59.0
1497,Mona Fathy,Mansoura,2024-02-05,18.0
1469,Ahmed Fathy,Luxor,2023-12-25,42.0
1683,Mona Abdallah,Mansoura,2023-12-03,47.0
1150,Khaled Adel,Luxor,2023-05-29,59.0
443,Mona Kamal,Alexandria,2024-10-20,36.0
